iter,noise,n_samples,model,r2
0,0.0,10,CPF,0.18219474502513056
0,0.0,10,RF,0.07957988973928132
0,0.0,10,LR,0.44533269207081105
0,0.0,10,LR,0.44533269207081105
0,0.0,210,CPF,0.8191979962756636
0,0.0,210,RF,0.5783029289210828
0,0.0,210,LR,1.0
0,0.0,210,LR,1.0
0,0.0,410,CPF,0.9159524389140716
0,0.0,410,RF,0.627454189115324
0,0.0,410,LR,1.0
0,0.0,410,LR,1.0
0,0.0,610,CPF,0.9599719125588974
0,0.0,610,RF,0.6541213957162718
0,0.0,610,LR,1.0
0,0.0,610,LR,1.0
0,0.0,810,CPF,0.9690938515176237
0,0.0,810,RF,0.6849102133490496
0,0.0,810,LR,1.0
0,0.0,810,LR,1.0
0,0.0,1010,CPF,0.9765133407690095
0,0.0,1010,RF,0.6946431914796916
0,0.0,1010,LR,1.0
0,0.0,1010,LR,1.0
0,0.0,1210,CPF,0.9835106052483783
0,0.0,1210,RF,0.708543884696583
0,0.0,1210,LR,1.0
0,0.0,1210,LR,1.0
0,0.0,1410,CPF,0.9866028376560256
0,0.0,1410,RF,0.7167271288520903
0,0.0,1410,LR,1.0
0,0.0,1410,LR,1.0
0,0.0,1610,CPF,0.9891306062268078
0,0.0,1610,RF,0.7263149116118819
0,0.0,1610,LR,1.0
0,0.0,1610,LR,1.0
0,0.0,1810,CPF,0.9906256545683606
0,0.0,1810,RF,0.734447776996725
0,0.0,1810,LR,1.0
0,0.0,1810,LR,1.0
0,0.0,2010,CPF,0.9938438360613692
0,0.0,2010,RF,0.7396781469784519
0,0.0,2010,LR,1.0
0,0.0,2010,LR,1.0
0,0.0,2210,CPF,0.9942345651498109
0,0.0,2210,RF,0.7460770895637705
0,0.0,2210,LR,1.0
0,0.0,2210,LR,1.0
0,0.0,2410,CPF,0.9947432488748603
0,0.0,2410,RF,0.7520908458531941
0,0.0,2410,LR,1.0
0,0.0,2410,LR,1.0
0,0.0,2610,CPF,0.9956301072560406
0,0.0,2610,RF,0.7589713374851645
0,0.0,2610,LR,1.0
0,0.0,2610,LR,1.0
0,0.0,2810,CPF,0.9958330700231911
0,0.0,2810,RF,0.7622092448640245
0,0.0,2810,LR,1.0
0,0.0,2810,LR,1.0
0,0.0,3010,CPF,0.9964553011785635
0,0.0,3010,RF,0.7671328796412276
0,0.0,3010,LR,1.0
0,0.0,3010,LR,1.0
0,0.0,3210,CPF,0.9966142845070349
0,0.0,3210,RF,0.7713680217408853
0,0.0,3210,LR,1.0
0,0.0,3210,LR,1.0
0,0.0,3410,CPF,0.9974322578597559
0,0.0,3410,RF,0.7715150752308407
0,0.0,3410,LR,1.0
0,0.0,3410,LR,1.0
0,0.0,3610,CPF,0.9969549088589577
0,0.0,3610,RF,0.7690246455662846
0,0.0,3610,LR,1.0
0,0.0,3610,LR,1.0
0,0.0,3810,CPF,0.9970776591211391
0,0.0,3810,RF,0.773820389921329
0,0.0,3810,LR,1.0
0,0.0,3810,LR,1.0
0,0.0,4010,CPF,0.997220431778596
0,0.0,4010,RF,0.776494029213418
0,0.0,4010,LR,1.0
0,0.0,4010,LR,1.0
0,0.0,4210,CPF,0.9975375446078173
0,0.0,4210,RF,0.7771521970837182
0,0.0,4210,LR,1.0
0,0.0,4210,LR,1.0
0,0.0,4410,CPF,0.9975430832513056
0,0.0,4410,RF,0.7823395824309656
0,0.0,4410,LR,1.0
0,0.0,4410,LR,1.0
0,0.0,4610,CPF,0.9972385523708683
0,0.0,4610,RF,0.7777797780917455
0,0.0,4610,LR,1.0
0,0.0,4610,LR,1.0
0,0.0,4810,CPF,0.9970565112426678
0,0.0,4810,RF,0.7820287041912766
0,0.0,4810,LR,1.0
0,0.0,4810,LR,1.0
0,0.0,5010,CPF,0.9976705471836548
0,0.0,5010,RF,0.7858599668733814
0,0.0,5010,LR,1.0
0,0.0,5010,LR,1.0
0,0.0,5210,CPF,0.9979754467265771
0,0.0,5210,RF,0.789005753060976
0,0.0,5210,LR,1.0
0,0.0,5210,LR,1.0
0,0.0,5410,CPF,0.9983215877879725
0,0.0,5410,RF,0.7902786334335158
0,0.0,5410,LR,1.0
0,0.0,5410,LR,1.0
0,0.0,5610,CPF,0.9982966486463383
0,0.0,5610,RF,0.7895488388072379
0,0.0,5610,LR,1.0
0,0.0,5610,LR,1.0
0,0.0,5810,CPF,0.998699057267424
0,0.0,5810,RF,0.7919770922657128
0,0.0,5810,LR,1.0
0,0.0,5810,LR,1.0
0,0.0,6010,CPF,0.998751139997903
0,0.0,6010,RF,0.7939903072937813
0,0.0,6010,LR,1.0
0,0.0,6010,LR,1.0
0,0.1,10,CPF,0.21098298467297194
0,0.1,10,RF,-0.061030188557518184
0,0.1,10,LR,0.3977455623369952
0,0.1,10,LR,0.3977455623369952
0,0.1,210,CPF,0.798284417027254
0,0.1,210,RF,0.5728747502850258
0,0.1,210,LR,0.997500632766334
0,0.1,210,LR,0.997500632766334
0,0.1,410,CPF,0.9038499988130912
0,0.1,410,RF,0.6408855995379321
0,0.1,410,LR,0.9976466944992328
0,0.1,410,LR,0.9976466944992328
0,0.1,610,CPF,0.93056967270064
0,0.1,610,RF,0.6356585385058783
0,0.1,610,LR,0.9976394423250454
0,0.1,610,LR,0.9976394423250454
0,0.1,810,CPF,0.9648759615860047
0,0.1,810,RF,0.6600549424076947
0,0.1,810,LR,0.9977045701337962
0,0.1,810,LR,0.9977045701337962
0,0.1,1010,CPF,0.9821935774905172
0,0.1,1010,RF,0.685617706857987
0,0.1,1010,LR,0.9977084562724431
0,0.1,1010,LR,0.9977084562724431
0,0.1,1210,CPF,0.9874471295474776
0,0.1,1210,RF,0.7091466236232109
0,0.1,1210,LR,0.997719563072569
0,0.1,1210,LR,0.997719563072569
0,0.1,1410,CPF,0.9895718617210004
0,0.1,1410,RF,0.7152702719815094
0,0.1,1410,LR,0.9977274602736037
0,0.1,1410,LR,0.9977274602736037
0,0.1,1610,CPF,0.990434683608323
0,0.1,1610,RF,0.7244328823710819
0,0.1,1610,LR,0.9977285985604696
0,0.1,1610,LR,0.9977285985604696
0,0.1,1810,CPF,0.9907424765151204
0,0.1,1810,RF,0.7346229523976471
0,0.1,1810,LR,0.9977276524851102
0,0.1,1810,LR,0.9977276524851102
0,0.1,2010,CPF,0.9913280741289693
0,0.1,2010,RF,0.7408954590722934
0,0.1,2010,LR,0.997738419022603
0,0.1,2010,LR,0.997738419022603
0,0.1,2210,CPF,0.99235913543913
0,0.1,2210,RF,0.7435641888790383
0,0.1,2210,LR,0.9977410813048918
0,0.1,2210,LR,0.9977410813048918
0,0.1,2410,CPF,0.9926534819597066
0,0.1,2410,RF,0.7430756209380206
0,0.1,2410,LR,0.9977445741414732
0,0.1,2410,LR,0.9977445741414732
0,0.1,2610,CPF,0.9925172586740179
0,0.1,2610,RF,0.7486156227199035
0,0.1,2610,LR,0.9977401939158358
0,0.1,2610,LR,0.9977401939158358
0,0.1,2810,CPF,0.9932355647426594
0,0.1,2810,RF,0.7541255813377145
0,0.1,2810,LR,0.9977403764673074
0,0.1,2810,LR,0.9977403764673074
0,0.1,3010,CPF,0.9941021860579855
0,0.1,3010,RF,0.7587926330928787
0,0.1,3010,LR,0.9977472060632053
0,0.1,3010,LR,0.9977472060632053
0,0.1,3210,CPF,0.9944841901437123
0,0.1,3210,RF,0.7570700377994707
0,0.1,3210,LR,0.9977466153489072
0,0.1,3210,LR,0.9977466153489072
0,0.1,3410,CPF,0.9942411270781346
0,0.1,3410,RF,0.7603862450915196
0,0.1,3410,LR,0.9977458815576481
0,0.1,3410,LR,0.9977458815576481
0,0.1,3610,CPF,0.9955237195211084
0,0.1,3610,RF,0.7623854319833387
0,0.1,3610,LR,0.9977442905513633
0,0.1,3610,LR,0.9977442905513633
0,0.1,3810,CPF,0.995336615716569
0,0.1,3810,RF,0.7661144451918436
0,0.1,3810,LR,0.9977472590923367
0,0.1,3810,LR,0.9977472590923367
0,0.1,4010,CPF,0.9959368091500304
0,0.1,4010,RF,0.7651064133126512
0,0.1,4010,LR,0.9977463380041459
0,0.1,4010,LR,0.9977463380041459
0,0.1,4210,CPF,0.9963827844720101
0,0.1,4210,RF,0.7671553864391081
0,0.1,4210,LR,0.9977464891839879
0,0.1,4210,LR,0.9977464891839879
0,0.1,4410,CPF,0.996458093948628
0,0.1,4410,RF,0.774461020931961
0,0.1,4410,LR,0.9977482121111192
0,0.1,4410,LR,0.9977482121111192
0,0.1,4610,CPF,0.9964748617737299
0,0.1,4610,RF,0.777281379366014
0,0.1,4610,LR,0.997750670877567
0,0.1,4610,LR,0.997750670877567
0,0.1,4810,CPF,0.9964394480547316
0,0.1,4810,RF,0.7763978227630199
0,0.1,4810,LR,0.9977497898725685
0,0.1,4810,LR,0.9977497898725685
0,0.1,5010,CPF,0.9966438100159994
0,0.1,5010,RF,0.7780871900726218
0,0.1,5010,LR,0.9977480214729055
0,0.1,5010,LR,0.9977480214729055
0,0.1,5210,CPF,0.9965697105400935
0,0.1,5210,RF,0.7811281578001283
0,0.1,5210,LR,0.9977485745456559
0,0.1,5210,LR,0.9977485745456559
0,0.1,5410,CPF,0.9966118524927697
0,0.1,5410,RF,0.7816606765390042
0,0.1,5410,LR,0.9977487572190022
0,0.1,5410,LR,0.9977487572190022
0,0.1,5610,CPF,0.9967054661056929
0,0.1,5610,RF,0.7861909653068804
0,0.1,5610,LR,0.9977473148473646
0,0.1,5610,LR,0.9977473148473646
0,0.1,5810,CPF,0.996745540872667
0,0.1,5810,RF,0.7858320043078884
0,0.1,5810,LR,0.9977469066013795
0,0.1,5810,LR,0.9977469066013795
0,0.1,6010,CPF,0.9966615174616767
0,0.1,6010,RF,0.7889803261671016
0,0.1,6010,LR,0.9977473039130683
0,0.1,6010,LR,0.9977473039130683
0,0.5,10,CPF,0.19756133337273574
0,0.5,10,RF,-0.026935834411687676
0,0.5,10,LR,0.29993354767076075
0,0.5,10,LR,0.29993354767076075
0,0.5,210,CPF,0.7527963321505777
0,0.5,210,RF,0.5296299165239071
0,0.5,210,LR,0.9400155914385528
0,0.5,210,LR,0.9400155914385528
0,0.5,410,CPF,0.8522059726059906
0,0.5,410,RF,0.6141883786280453
0,0.5,410,LR,0.9435210493574122
0,0.5,410,LR,0.9435210493574122
0,0.5,610,CPF,0.8784641445144841
0,0.5,610,RF,0.6212264270728487
0,0.5,610,LR,0.9433469983522
0,0.5,610,LR,0.9433469983522
0,0.5,810,CPF,0.9046346126838138
0,0.5,810,RF,0.6465757635560612
0,0.5,810,LR,0.9449100552076302
0,0.5,810,LR,0.9449100552076302
0,0.5,1010,CPF,0.9210259517498436
0,0.5,1010,RF,0.6662302161963152
0,0.5,1010,LR,0.945003321905368
0,0.5,1010,LR,0.945003321905368
0,0.5,1210,CPF,0.9325248460078073
0,0.5,1210,RF,0.6866965504967208
0,0.5,1210,LR,0.9452698833084279
0,0.5,1210,LR,0.9452698833084279
0,0.5,1410,CPF,0.9343400831135903
0,0.5,1410,RF,0.6856949446105722
0,0.5,1410,LR,0.9454594148534415
0,0.5,1410,LR,0.9454594148534415
0,0.5,1610,CPF,0.9338208705137607
0,0.5,1610,RF,0.6978723525651529
0,0.5,1610,LR,0.9454867335537522
0,0.5,1610,LR,0.9454867335537522
0,0.5,1810,CPF,0.9355375651460428
0,0.5,1810,RF,0.7042094858464717
0,0.5,1810,LR,0.9454640278984474
0,0.5,1810,LR,0.9454640278984474
0,0.5,2010,CPF,0.9351820239415003
0,0.5,2010,RF,0.7140378060864974
0,0.5,2010,LR,0.9457224230534531
0,0.5,2010,LR,0.9457224230534531
0,0.5,2210,CPF,0.9366547634847365
0,0.5,2210,RF,0.7124534312858324
0,0.5,2210,LR,0.9457863173969353
0,0.5,2210,LR,0.9457863173969353
0,0.5,2410,CPF,0.9373244189768777
0,0.5,2410,RF,0.71827939680346
0,0.5,2410,LR,0.9458701449088436
0,0.5,2410,LR,0.9458701449088436
0,0.5,2610,CPF,0.937861071109527
0,0.5,2610,RF,0.7197234414883165
0,0.5,2610,LR,0.9457650202034021
0,0.5,2610,LR,0.9457650202034021
0,0.5,2810,CPF,0.9385595534397554
0,0.5,2810,RF,0.7215520459228364
0,0.5,2810,LR,0.9457694014091375
0,0.5,2810,LR,0.9457694014091375
0,0.5,3010,CPF,0.9396419029425064
0,0.5,3010,RF,0.7256584092632303
0,0.5,3010,LR,0.9459333106038853
0,0.5,3010,LR,0.9459333106038853
0,0.5,3210,CPF,0.9396754394219158
0,0.5,3210,RF,0.7286525781729976
0,0.5,3210,LR,0.9459191335564594
0,0.5,3210,LR,0.9459191335564594
0,0.5,3410,CPF,0.9393558245002234
0,0.5,3410,RF,0.7310256590879345
0,0.5,3410,LR,0.9459015226851596
0,0.5,3410,LR,0.9459015226851596
0,0.5,3610,CPF,0.940892460937929
0,0.5,3610,RF,0.7318205497131737
0,0.5,3610,LR,0.9458633387921628
0,0.5,3610,LR,0.9458633387921628
0,0.5,3810,CPF,0.9412403094839004
0,0.5,3810,RF,0.7335199508115575
0,0.5,3810,LR,0.9459345832944441
0,0.5,3810,LR,0.9459345832944441
0,0.5,4010,CPF,0.9422209838421733
0,0.5,4010,RF,0.7368366693117002
0,0.5,4010,LR,0.9459124773271377
0,0.5,4010,LR,0.9459124773271377
0,0.5,4210,CPF,0.9424564514422694
0,0.5,4210,RF,0.7368947813741087
0,0.5,4210,LR,0.9459161056188441
0,0.5,4210,LR,0.9459161056188441
0,0.5,4410,CPF,0.9432200410522025
0,0.5,4410,RF,0.7426818444690038
0,0.5,4410,LR,0.9459574555907784
0,0.5,4410,LR,0.9459574555907784
0,0.5,4610,CPF,0.943515445987602
0,0.5,4610,RF,0.7418252466261801
0,0.5,4610,LR,0.9460164655870588
0,0.5,4610,LR,0.9460164655870588
0,0.5,4810,CPF,0.9429959936231832
0,0.5,4810,RF,0.7421116317351824
0,0.5,4810,LR,0.9459953216098694
0,0.5,4810,LR,0.9459953216098694
0,0.5,5010,CPF,0.9429679558048908
0,0.5,5010,RF,0.7472835308449965
0,0.5,5010,LR,0.9459528803045447
0,0.5,5010,LR,0.9459528803045447
0,0.5,5210,CPF,0.9439912843894499
0,0.5,5210,RF,0.7509580741120129
0,0.5,5210,LR,0.9459661539609234
0,0.5,5210,LR,0.9459661539609234
0,0.5,5410,CPF,0.9439610859838133
0,0.5,5410,RF,0.7493054529992975
0,0.5,5410,LR,0.9459705380916319
0,0.5,5410,LR,0.9459705380916319
0,0.5,5610,CPF,0.9440045222072674
0,0.5,5610,RF,0.7519994043546179
0,0.5,5610,LR,0.9459359214060771
0,0.5,5610,LR,0.9459359214060771
0,0.5,5810,CPF,0.9437468864285232
0,0.5,5810,RF,0.7521157043299553
0,0.5,5810,LR,0.9459261235685972
0,0.5,5810,LR,0.9459261235685972
0,0.5,6010,CPF,0.9438809389612625
0,0.5,6010,RF,0.7557527762899638
0,0.5,6010,LR,0.9459356589847377
0,0.5,6010,LR,0.9459356589847377
0,1.0,10,CPF,0.11891669439285502
0,1.0,10,RF,-0.09653710708631613
0,1.0,10,LR,0.05259917092932809
0,1.0,10,LR,0.05259917092932809
0,1.0,210,CPF,0.6317759692270679
0,1.0,210,RF,0.45583647724812393
0,1.0,210,LR,0.7908094962149856
0,1.0,210,LR,0.7908094962149856
0,1.0,410,CPF,0.711556898820106
0,1.0,410,RF,0.5319585419718995
0,1.0,410,LR,0.8030344814341395
0,1.0,410,LR,0.8030344814341395
0,1.0,610,CPF,0.735039555470685
0,1.0,610,RF,0.5463191527028464
0,1.0,610,LR,0.8024274934127884
0,1.0,610,LR,0.8024274934127884
0,1.0,810,CPF,0.764115864733281
0,1.0,810,RF,0.5701615962081006
0,1.0,810,LR,0.8078785207526195
0,1.0,810,LR,0.8078785207526195
0,1.0,1010,CPF,0.7824743240139946
0,1.0,1010,RF,0.5966943277630021
0,1.0,1010,LR,0.808203780398485
0,1.0,1010,LR,0.808203780398485
0,1.0,1210,CPF,0.7917348848040711
0,1.0,1210,RF,0.5994596317098704
0,1.0,1210,LR,0.8091333905344025
0,1.0,1210,LR,0.8091333905344025
0,1.0,1410,CPF,0.7950923652256353
0,1.0,1410,RF,0.60413351243471
0,1.0,1410,LR,0.8097943656166848
0,1.0,1410,LR,0.8097943656166848
0,1.0,1610,CPF,0.7954244736343743
0,1.0,1610,RF,0.6131942657623239
0,1.0,1610,LR,0.8098896372517279
0,1.0,1610,LR,0.8098896372517279
0,1.0,1810,CPF,0.7964096962447631
0,1.0,1810,RF,0.6171248021217544
0,1.0,1810,LR,0.8098104532173115
0,1.0,1810,LR,0.8098104532173115
0,1.0,2010,CPF,0.7985671616671572
0,1.0,2010,RF,0.6291703645799982
0,1.0,2010,LR,0.8107115842603202
0,1.0,2010,LR,0.8107115842603202
0,1.0,2210,CPF,0.7994534872738472
0,1.0,2210,RF,0.626876598604944
0,1.0,2210,LR,0.8109344103283369
0,1.0,2210,LR,0.8109344103283369
0,1.0,2410,CPF,0.7992605545809625
0,1.0,2410,RF,0.6287790840308733
0,1.0,2410,LR,0.8112267516194771
0,1.0,2410,LR,0.8112267516194771
0,1.0,2610,CPF,0.7991228458035985
0,1.0,2610,RF,0.6299480463233789
0,1.0,2610,LR,0.8108601381841039
0,1.0,2610,LR,0.8108601381841039
0,1.0,2810,CPF,0.798894920502235
0,1.0,2810,RF,0.6302776288832128
0,1.0,2810,LR,0.8108754172650673
0,1.0,2810,LR,0.8108754172650673
0,1.0,3010,CPF,0.8005996158337376
0,1.0,3010,RF,0.6366597310480558
0,1.0,3010,LR,0.8114470365882649
0,1.0,3010,LR,0.8114470365882649
0,1.0,3210,CPF,0.8004274561714722
0,1.0,3210,RF,0.6399461781720478
0,1.0,3210,LR,0.8113975953457098
0,1.0,3210,LR,0.8113975953457098
0,1.0,3410,CPF,0.8002600993868414
0,1.0,3410,RF,0.632260334605604
0,1.0,3410,LR,0.8113361789355517
0,1.0,3410,LR,0.8113361789355517
0,1.0,3610,CPF,0.8005180456399472
0,1.0,3610,RF,0.6424327442964488
0,1.0,3610,LR,0.8112030158686142
0,1.0,3610,LR,0.8112030158686142
0,1.0,3810,CPF,0.8031799107928903
0,1.0,3810,RF,0.6407758514571409
0,1.0,3810,LR,0.8114514749879349
0,1.0,3810,LR,0.8114514749879349
0,1.0,4010,CPF,0.8047269668868993
0,1.0,4010,RF,0.6465149143814102
0,1.0,4010,LR,0.8113743823142152
0,1.0,4010,LR,0.8113743823142152
0,1.0,4210,CPF,0.8041719949192235
0,1.0,4210,RF,0.6473990954844413
0,1.0,4210,LR,0.8113870356717816
0,1.0,4210,LR,0.8113870356717816
0,1.0,4410,CPF,0.8050854473887475
0,1.0,4410,RF,0.6499318997335627
0,1.0,4410,LR,0.8115312401687147
0,1.0,4410,LR,0.8115312401687147
0,1.0,4610,CPF,0.8044234537645383
0,1.0,4610,RF,0.6532132232852956
0,1.0,4610,LR,0.8117370324928584
0,1.0,4610,LR,0.8117370324928584
0,1.0,4810,CPF,0.8044879615334061
0,1.0,4810,RF,0.6498998678469584
0,1.0,4810,LR,0.8116632946775441
0,1.0,4810,LR,0.8116632946775441
0,1.0,5010,CPF,0.8056330790126445
0,1.0,5010,RF,0.6527690293845616
0,1.0,5010,LR,0.8115152842485825
0,1.0,5010,LR,0.8115152842485825
0,1.0,5210,CPF,0.8052380083950477
0,1.0,5210,RF,0.6597946670333619
0,1.0,5210,LR,0.8115615749919862
0,1.0,5210,LR,0.8115615749919862
0,1.0,5410,CPF,0.8059684482185656
0,1.0,5410,RF,0.6570765049416026
0,1.0,5410,LR,0.8115768642735437
0,1.0,5410,LR,0.8115768642735437
0,1.0,5610,CPF,0.8070326584106438
0,1.0,5610,RF,0.6567959184024341
0,1.0,5610,LR,0.8114561415380157
0,1.0,5610,LR,0.8114561415380157
0,1.0,5810,CPF,0.8081336844902649
0,1.0,5810,RF,0.6558264266975693
0,1.0,5810,LR,0.8114219724162794
0,1.0,5810,LR,0.8114219724162794
0,1.0,6010,CPF,0.807731229174411
0,1.0,6010,RF,0.6555335339062609
0,1.0,6010,LR,0.8114552263659985
0,1.0,6010,LR,0.8114552263659985
1,0.0,10,CPF,0.10412234276798871
1,0.0,10,RF,0.08163584752710729
1,0.0,10,LR,0.14271527594584577
1,0.0,10,LR,0.14271527594584577
1,0.0,210,CPF,0.8282383212387745
1,0.0,210,RF,0.5764937046964992
1,0.0,210,LR,1.0
1,0.0,210,LR,1.0
1,0.0,410,CPF,0.9039920533503707
1,0.0,410,RF,0.6213782624710029
1,0.0,410,LR,1.0
1,0.0,410,LR,1.0
1,0.0,610,CPF,0.9361060450075899
1,0.0,610,RF,0.6362323526669262
1,0.0,610,LR,1.0
1,0.0,610,LR,1.0
1,0.0,810,CPF,0.9694567917289709
1,0.0,810,RF,0.6658795631898382
1,0.0,810,LR,1.0
1,0.0,810,LR,1.0
1,0.0,1010,CPF,0.97597851855042
1,0.0,1010,RF,0.6662462063018726
1,0.0,1010,LR,1.0
1,0.0,1010,LR,1.0
1,0.0,1210,CPF,0.9810380564811972
1,0.0,1210,RF,0.6704639909597461
1,0.0,1210,LR,1.0
1,0.0,1210,LR,1.0
1,0.0,1410,CPF,0.9846624487447215
1,0.0,1410,RF,0.6818021184448539
1,0.0,1410,LR,1.0
1,0.0,1410,LR,1.0
1,0.0,1610,CPF,0.9849119869472533
1,0.0,1610,RF,0.6788859314146227
1,0.0,1610,LR,1.0
1,0.0,1610,LR,1.0
1,0.0,1810,CPF,0.9863552974276077
1,0.0,1810,RF,0.6919718072975503
1,0.0,1810,LR,1.0
1,0.0,1810,LR,1.0
1,0.0,2010,CPF,0.9912352782088953
1,0.0,2010,RF,0.7026538369793107
1,0.0,2010,LR,1.0
1,0.0,2010,LR,1.0
1,0.0,2210,CPF,0.9946547469146936
1,0.0,2210,RF,0.704870768524021
1,0.0,2210,LR,1.0
1,0.0,2210,LR,1.0
1,0.0,2410,CPF,0.9949766362957976
1,0.0,2410,RF,0.7196285972784395
1,0.0,2410,LR,1.0
1,0.0,2410,LR,1.0
1,0.0,2610,CPF,0.9954538979727869
1,0.0,2610,RF,0.7268070308001123
1,0.0,2610,LR,1.0
1,0.0,2610,LR,1.0
1,0.0,2810,CPF,0.9960497522498943
1,0.0,2810,RF,0.7242213656645269
1,0.0,2810,LR,1.0
1,0.0,2810,LR,1.0
1,0.0,3010,CPF,0.9968341100613975
1,0.0,3010,RF,0.7285403500028937
1,0.0,3010,LR,1.0
1,0.0,3010,LR,1.0
1,0.0,3210,CPF,0.997362222808548
1,0.0,3210,RF,0.7364861019002773
1,0.0,3210,LR,1.0
1,0.0,3210,LR,1.0
1,0.0,3410,CPF,0.9975078966445476
1,0.0,3410,RF,0.7407026701348083
1,0.0,3410,LR,1.0
1,0.0,3410,LR,1.0
1,0.0,3610,CPF,0.9978007429199064
1,0.0,3610,RF,0.7463264509311329
1,0.0,3610,LR,1.0
1,0.0,3610,LR,1.0
1,0.0,3810,CPF,0.9979705226131557
1,0.0,3810,RF,0.7501298459372445
1,0.0,3810,LR,1.0
1,0.0,3810,LR,1.0
1,0.0,4010,CPF,0.9981365151949795
1,0.0,4010,RF,0.7466834440206194
1,0.0,4010,LR,1.0
1,0.0,4010,LR,1.0
1,0.0,4210,CPF,0.9981401456604689
1,0.0,4210,RF,0.7483614168895814
1,0.0,4210,LR,1.0
1,0.0,4210,LR,1.0
1,0.0,4410,CPF,0.9981447506093019
1,0.0,4410,RF,0.7512597309766447
1,0.0,4410,LR,1.0
1,0.0,4410,LR,1.0
1,0.0,4610,CPF,0.9983940040395715
1,0.0,4610,RF,0.7556509910888047
1,0.0,4610,LR,1.0
1,0.0,4610,LR,1.0
1,0.0,4810,CPF,0.9980862268268342
1,0.0,4810,RF,0.7549793406351561
1,0.0,4810,LR,1.0
1,0.0,4810,LR,1.0
1,0.0,5010,CPF,0.9981676270092029
1,0.0,5010,RF,0.7594040117669354
1,0.0,5010,LR,1.0
1,0.0,5010,LR,1.0
1,0.0,5210,CPF,0.9983207889519438
1,0.0,5210,RF,0.7605970961419087
1,0.0,5210,LR,1.0
1,0.0,5210,LR,1.0
1,0.0,5410,CPF,0.9982491868185338
1,0.0,5410,RF,0.7604137281292286
1,0.0,5410,LR,1.0
1,0.0,5410,LR,1.0
1,0.0,5610,CPF,0.998460879558095
1,0.0,5610,RF,0.7606255630415343
1,0.0,5610,LR,1.0
1,0.0,5610,LR,1.0
1,0.0,5810,CPF,0.998473359923915
1,0.0,5810,RF,0.7626335568822967
1,0.0,5810,LR,1.0
1,0.0,5810,LR,1.0
1,0.0,6010,CPF,0.9987013796228212
1,0.0,6010,RF,0.7614368820156148
1,0.0,6010,LR,1.0
1,0.0,6010,LR,1.0
1,0.1,10,CPF,0.1925403527348596
1,0.1,10,RF,0.14031222103525365
1,0.1,10,LR,0.4278541897490923
1,0.1,10,LR,0.4278541897490923
1,0.1,210,CPF,0.7900078928674381
1,0.1,210,RF,0.5612601470081138
1,0.1,210,LR,0.9982660442114609
1,0.1,210,LR,0.9982660442114609
1,0.1,410,CPF,0.8678809950966925
1,0.1,410,RF,0.6193416664897843
1,0.1,410,LR,0.998334648700342
1,0.1,410,LR,0.998334648700342
1,0.1,610,CPF,0.9371512954965004
1,0.1,610,RF,0.6490934882863691
1,0.1,610,LR,0.9983748077015758
1,0.1,610,LR,0.9983748077015758
1,0.1,810,CPF,0.9443681940064169
1,0.1,810,RF,0.6448948192005105
1,0.1,810,LR,0.9983698833908202
1,0.1,810,LR,0.9983698833908202
1,0.1,1010,CPF,0.9683107457842991
1,0.1,1010,RF,0.6639351962757059
1,0.1,1010,LR,0.9983993892110806
1,0.1,1010,LR,0.9983993892110806
1,0.1,1210,CPF,0.9747135865065473
1,0.1,1210,RF,0.6836096929573642
1,0.1,1210,LR,0.9984175409818464
1,0.1,1210,LR,0.9984175409818464
1,0.1,1410,CPF,0.9795850761574142
1,0.1,1410,RF,0.6855729711614074
1,0.1,1410,LR,0.9984151546846703
1,0.1,1410,LR,0.9984151546846703
1,0.1,1610,CPF,0.9824879773901761
1,0.1,1610,RF,0.6862362399340033
1,0.1,1610,LR,0.9984161651269525
1,0.1,1610,LR,0.9984161651269525
1,0.1,1810,CPF,0.9875699833976341
1,0.1,1810,RF,0.6983856763704209
1,0.1,1810,LR,0.9984237749106819
1,0.1,1810,LR,0.9984237749106819
1,0.1,2010,CPF,0.9916112240441392
1,0.1,2010,RF,0.7102352238887124
1,0.1,2010,LR,0.9984309417189442
1,0.1,2010,LR,0.9984309417189442
1,0.1,2210,CPF,0.9930725461146555
1,0.1,2210,RF,0.7124009172005825
1,0.1,2210,LR,0.9984357928208442
1,0.1,2210,LR,0.9984357928208442
1,0.1,2410,CPF,0.9934387747550004
1,0.1,2410,RF,0.7151350431945707
1,0.1,2410,LR,0.9984395449211841
1,0.1,2410,LR,0.9984395449211841
1,0.1,2610,CPF,0.9936293970673977
1,0.1,2610,RF,0.7190655248530173
1,0.1,2610,LR,0.9984444353017906
1,0.1,2610,LR,0.9984444353017906
1,0.1,2810,CPF,0.9928773049879531
1,0.1,2810,RF,0.7277482225201439
1,0.1,2810,LR,0.9984511386266084
1,0.1,2810,LR,0.9984511386266084
1,0.1,3010,CPF,0.9938595770672775
1,0.1,3010,RF,0.7242159349404995
1,0.1,3010,LR,0.9984564102257111
1,0.1,3010,LR,0.9984564102257111
1,0.1,3210,CPF,0.9946564585236276
1,0.1,3210,RF,0.7279220310979825
1,0.1,3210,LR,0.9984579011793082
1,0.1,3210,LR,0.9984579011793082
1,0.1,3410,CPF,0.9953704147775084
1,0.1,3410,RF,0.7304943084113553
1,0.1,3410,LR,0.9984544962334023
1,0.1,3410,LR,0.9984544962334023
1,0.1,3610,CPF,0.9955093250566616
1,0.1,3610,RF,0.7362811743611597
1,0.1,3610,LR,0.9984571166684094
1,0.1,3610,LR,0.9984571166684094
1,0.1,3810,CPF,0.9955633059956948
1,0.1,3810,RF,0.7344000837453619
1,0.1,3810,LR,0.9984573123514792
1,0.1,3810,LR,0.9984573123514792
1,0.1,4010,CPF,0.9957955381041623
1,0.1,4010,RF,0.7397117285500088
1,0.1,4010,LR,0.9984594128043022
1,0.1,4010,LR,0.9984594128043022
1,0.1,4210,CPF,0.996615571265845
1,0.1,4210,RF,0.7413624403257191
1,0.1,4210,LR,0.9984580555134837
1,0.1,4210,LR,0.9984580555134837
1,0.1,4410,CPF,0.9967066558070357
1,0.1,4410,RF,0.7376408730760078
1,0.1,4410,LR,0.9984570334147438
1,0.1,4410,LR,0.9984570334147438
1,0.1,4610,CPF,0.9967497107959954
1,0.1,4610,RF,0.7465758786269188
1,0.1,4610,LR,0.9984560886871894
1,0.1,4610,LR,0.9984560886871894
1,0.1,4810,CPF,0.9970214004848811
1,0.1,4810,RF,0.7484971296350724
1,0.1,4810,LR,0.9984543819880771
1,0.1,4810,LR,0.9984543819880771
1,0.1,5010,CPF,0.9970348910881249
1,0.1,5010,RF,0.7458089602796156
1,0.1,5010,LR,0.9984549408971471
1,0.1,5010,LR,0.9984549408971471
1,0.1,5210,CPF,0.9969692328035318
1,0.1,5210,RF,0.7532496979021486
1,0.1,5210,LR,0.9984575516663372
1,0.1,5210,LR,0.9984575516663372
1,0.1,5410,CPF,0.9972380843716259
1,0.1,5410,RF,0.7569471878965068
1,0.1,5410,LR,0.9984589729666568
1,0.1,5410,LR,0.9984589729666568
1,0.1,5610,CPF,0.9973900633022444
1,0.1,5610,RF,0.7510751345318505
1,0.1,5610,LR,0.9984602470701134
1,0.1,5610,LR,0.9984602470701134
1,0.1,5810,CPF,0.9974597319599793
1,0.1,5810,RF,0.7532412943004982
1,0.1,5810,LR,0.9984594840365981
1,0.1,5810,LR,0.9984594840365981
1,0.1,6010,CPF,0.9974755801073912
1,0.1,6010,RF,0.750423201878278
1,0.1,6010,LR,0.9984580393419612
1,0.1,6010,LR,0.9984580393419612
1,0.5,10,CPF,0.2684606735256453
1,0.5,10,RF,0.179199385782847
1,0.5,10,LR,0.37386231663244307
1,0.5,10,LR,0.37386231663244307
1,0.5,210,CPF,0.7660702583120687
1,0.5,210,RF,0.5390419091660419
1,0.5,210,LR,0.9579391596523874
1,0.5,210,LR,0.9579391596523874
1,0.5,410,CPF,0.8332631956012204
1,0.5,410,RF,0.5980916553069564
1,0.5,410,LR,0.9596033096111307
1,0.5,410,LR,0.9596033096111307
1,0.5,610,CPF,0.902068223239559
1,0.5,610,RF,0.6246205833493975
1,0.5,610,LR,0.9605774528681718
1,0.5,610,LR,0.9605774528681718
1,0.5,810,CPF,0.9089935713063876
1,0.5,810,RF,0.6276256275353765
1,0.5,810,LR,0.9604580030818035
1,0.5,810,LR,0.9604580030818035
1,0.5,1010,CPF,0.9311068857841615
1,0.5,1010,RF,0.6492054309672649
1,0.5,1010,LR,0.9611737304397343
1,0.5,1010,LR,0.9611737304397343
1,0.5,1210,CPF,0.9366809410944527
1,0.5,1210,RF,0.6522956821996166
1,0.5,1210,LR,0.9616140408197635
1,0.5,1210,LR,0.9616140408197635
1,0.5,1410,CPF,0.9435260363034672
1,0.5,1410,RF,0.6730233499213428
1,0.5,1410,LR,0.9615561560310011
1,0.5,1410,LR,0.9615561560310011
1,0.5,1610,CPF,0.9430586431925032
1,0.5,1610,RF,0.6714954281982577
1,0.5,1610,LR,0.9615806664895664
1,0.5,1610,LR,0.9615806664895664
1,0.5,1810,CPF,0.9492293527892737
1,0.5,1810,RF,0.6702010095361659
1,0.5,1810,LR,0.9617652582194356
1,0.5,1810,LR,0.9617652582194356
1,0.5,2010,CPF,0.9527655061482058
1,0.5,2010,RF,0.6899158638434151
1,0.5,2010,LR,0.9619391046231976
1,0.5,2010,LR,0.9619391046231976
1,0.5,2210,CPF,0.9549307370622213
1,0.5,2210,RF,0.6918334632207865
1,0.5,2210,LR,0.9620567785707542
1,0.5,2210,LR,0.9620567785707542
1,0.5,2410,CPF,0.9557930736048573
1,0.5,2410,RF,0.6948444481424103
1,0.5,2410,LR,0.962147793863306
1,0.5,2410,LR,0.962147793863306
1,0.5,2610,CPF,0.9559404519446838
1,0.5,2610,RF,0.6922546812416415
1,0.5,2610,LR,0.9622664206006704
1,0.5,2610,LR,0.9622664206006704
1,0.5,2810,CPF,0.955061121243694
1,0.5,2810,RF,0.6991352591711824
1,0.5,2810,LR,0.9624290242130721
1,0.5,2810,LR,0.9624290242130721
1,0.5,3010,CPF,0.9561901113815583
1,0.5,3010,RF,0.7004207011798995
1,0.5,3010,LR,0.9625568982279111
1,0.5,3010,LR,0.9625568982279111
1,0.5,3210,CPF,0.9567649603090163
1,0.5,3210,RF,0.699645416208213
1,0.5,3210,LR,0.9625930645255922
1,0.5,3210,LR,0.9625930645255922
1,0.5,3410,CPF,0.9578725229055272
1,0.5,3410,RF,0.7046405861642955
1,0.5,3410,LR,0.9625104702131614
1,0.5,3410,LR,0.9625104702131614
1,0.5,3610,CPF,0.957856786065628
1,0.5,3610,RF,0.7103884660192734
1,0.5,3610,LR,0.9625740345203969
1,0.5,3610,LR,0.9625740345203969
1,0.5,3810,CPF,0.9575619407894649
1,0.5,3810,RF,0.710182831709291
1,0.5,3810,LR,0.9625787812356285
1,0.5,3810,LR,0.9625787812356285
1,0.5,4010,CPF,0.9580302725510583
1,0.5,4010,RF,0.7154479776502113
1,0.5,4010,LR,0.9626297322526219
1,0.5,4010,LR,0.9626297322526219
1,0.5,4210,CPF,0.9587644386086566
1,0.5,4210,RF,0.7162934116742095
1,0.5,4210,LR,0.9625968082341431
1,0.5,4210,LR,0.9625968082341431
1,0.5,4410,CPF,0.9589464015511752
1,0.5,4410,RF,0.7146896276792098
1,0.5,4410,LR,0.962572015023036
1,0.5,4410,LR,0.962572015023036
1,0.5,4610,CPF,0.9592598797362226
1,0.5,4610,RF,0.7186129606128082
1,0.5,4610,LR,0.962549098617036
1,0.5,4610,LR,0.962549098617036
1,0.5,4810,CPF,0.959624185140094
1,0.5,4810,RF,0.719205318217259
1,0.5,4810,LR,0.9625076989462042
1,0.5,4810,LR,0.9625076989462042
1,0.5,5010,CPF,0.9598779451883632
1,0.5,5010,RF,0.7250867447796037
1,0.5,5010,LR,0.9625212564920862
1,0.5,5010,LR,0.9625212564920862
1,0.5,5210,CPF,0.9598009828238915
1,0.5,5210,RF,0.7266380853539036
1,0.5,5210,LR,0.9625845863340659
1,0.5,5210,LR,0.9625845863340659
1,0.5,5410,CPF,0.9599308312585535
1,0.5,5410,RF,0.7265902590165259
1,0.5,5410,LR,0.9626190630411563
1,0.5,5410,LR,0.9626190630411563
1,0.5,5610,CPF,0.9603312732968373
1,0.5,5610,RF,0.7247932597140923
1,0.5,5610,LR,0.9626499691706133
1,0.5,5610,LR,0.9626499691706133
1,0.5,5810,CPF,0.9604447828793437
1,0.5,5810,RF,0.7272275966979893
1,0.5,5810,LR,0.9626314601457144
1,0.5,5810,LR,0.9626314601457144
1,0.5,6010,CPF,0.9605516825183936
1,0.5,6010,RF,0.7303933082700901
1,0.5,6010,LR,0.962596415958961
1,0.5,6010,LR,0.962596415958961
1,1.0,10,CPF,0.2519279831990947
1,1.0,10,RF,0.13807461202184668
1,1.0,10,LR,0.25956793665635824
1,1.0,10,LR,0.25956793665635824
1,1.0,210,CPF,0.6674023026019091
1,1.0,210,RF,0.5020727523616992
1,1.0,210,LR,0.8475803144007835
1,1.0,210,LR,0.8475803144007835
1,1.0,410,CPF,0.7460547088518308
1,1.0,410,RF,0.5486963066673362
1,1.0,410,LR,0.8536108456836895
1,1.0,410,LR,0.8536108456836895
1,1.0,610,CPF,0.7993064456368688
1,1.0,610,RF,0.5676397831942386
1,1.0,610,LR,0.857140937040393
1,1.0,610,LR,0.857140937040393
1,1.0,810,CPF,0.8059918548215099
1,1.0,810,RF,0.5629392435698197
1,1.0,810,LR,0.8567080760054574
1,1.0,810,LR,0.8567080760054574
1,1.0,1010,CPF,0.8324721769558348
1,1.0,1010,RF,0.5826507075596217
1,1.0,1010,LR,0.859301722208647
1,1.0,1010,LR,0.859301722208647
1,1.0,1210,CPF,0.8374297176904433
1,1.0,1210,RF,0.5994796217749387
1,1.0,1210,LR,0.8608973149056898
1,1.0,1210,LR,0.8608973149056898
1,1.0,1410,CPF,0.8424125615698409
1,1.0,1410,RF,0.6119281742894928
1,1.0,1410,LR,0.8606875525416662
1,1.0,1410,LR,0.8606875525416662
1,1.0,1610,CPF,0.8427122609521877
1,1.0,1610,RF,0.6101617047510748
1,1.0,1610,LR,0.860776373315515
1,1.0,1610,LR,0.860776373315515
1,1.0,1810,CPF,0.8445584247077852
1,1.0,1810,RF,0.6103972689378154
1,1.0,1810,LR,0.861445295124931
1,1.0,1810,LR,0.861445295124931
1,1.0,2010,CPF,0.850764479615935
1,1.0,2010,RF,0.6241848884549599
1,1.0,2010,LR,0.8620752781206339
1,1.0,2010,LR,0.8620752781206339
1,1.0,2210,CPF,0.8526418281490156
1,1.0,2210,RF,0.6274818744903503
1,1.0,2210,LR,0.8625017038872509
1,1.0,2210,LR,0.8625017038872509
1,1.0,2410,CPF,0.8517069300195247
1,1.0,2410,RF,0.626814673070632
1,1.0,2410,LR,0.86283152426556
1,1.0,2410,LR,0.86283152426556
1,1.0,2610,CPF,0.852927290799434
1,1.0,2610,RF,0.6246736533939032
1,1.0,2610,LR,0.8632614027431015
1,1.0,2610,LR,0.8632614027431015
1,1.0,2810,CPF,0.8527912855930866
1,1.0,2810,RF,0.6312865977562745
1,1.0,2810,LR,0.8638506442150915
1,1.0,2810,LR,0.8638506442150915
1,1.0,3010,CPF,0.8561969296308434
1,1.0,3010,RF,0.6314889038864376
1,1.0,3010,LR,0.8643140328915186
1,1.0,3010,LR,0.8643140328915186
1,1.0,3210,CPF,0.8545411473385283
1,1.0,3210,RF,0.6304542235502415
1,1.0,3210,LR,0.8644450919877298
1,1.0,3210,LR,0.8644450919877298
1,1.0,3410,CPF,0.8553323252168596
1,1.0,3410,RF,0.6348344268293062
1,1.0,3410,LR,0.8641457874795706
1,1.0,3410,LR,0.8641457874795706
1,1.0,3610,CPF,0.8558467628400013
1,1.0,3610,RF,0.6443960297503436
1,1.0,3610,LR,0.8643761312302923
1,1.0,3610,LR,0.8643761312302923
1,1.0,3810,CPF,0.8541721187136758
1,1.0,3810,RF,0.642910843676159
1,1.0,3810,LR,0.8643933323332004
1,1.0,3810,LR,0.8643933323332004
1,1.0,4010,CPF,0.8573414173438552
1,1.0,4010,RF,0.6446708654557577
1,1.0,4010,LR,0.8645779681589928
1,1.0,4010,LR,0.8645779681589928
1,1.0,4210,CPF,0.8579915977590371
1,1.0,4210,RF,0.6487686852720045
1,1.0,4210,LR,0.8644586584042724
1,1.0,4210,LR,0.8644586584042724
1,1.0,4410,CPF,0.8577019048195456
1,1.0,4410,RF,0.6481469523298489
1,1.0,4410,LR,0.8643688129943683
1,1.0,4410,LR,0.8643688129943683
1,1.0,4610,CPF,0.858701237310049
1,1.0,4610,RF,0.64901964181613
1,1.0,4610,LR,0.8642857687335139
1,1.0,4610,LR,0.8642857687335139
1,1.0,4810,CPF,0.8589575774152847
1,1.0,4810,RF,0.6517226832996348
1,1.0,4810,LR,0.8641357449879129
1,1.0,4810,LR,0.8641357449879129
1,1.0,5010,CPF,0.8586979994107921
1,1.0,5010,RF,0.6508758445069689
1,1.0,5010,LR,0.8641848746977271
1,1.0,5010,LR,0.8641848746977271
1,1.0,5210,CPF,0.8596756781023133
1,1.0,5210,RF,0.6526565802525479
1,1.0,5210,LR,0.8644143687954151
1,1.0,5210,LR,0.8644143687954151
1,1.0,5410,CPF,0.8602080603038231
1,1.0,5410,RF,0.6550440419453858
1,1.0,5410,LR,0.8645393051688162
1,1.0,5410,LR,0.8645393051688162
1,1.0,5610,CPF,0.8600670519909404
1,1.0,5610,RF,0.6540152519693023
1,1.0,5610,LR,0.8646513025158968
1,1.0,5610,LR,0.8646513025158968
1,1.0,5810,CPF,0.8614077669936788
1,1.0,5810,RF,0.6597506625512699
1,1.0,5810,LR,0.8645842296820565
1,1.0,5810,LR,0.8645842296820565
1,1.0,6010,CPF,0.8613719353918965
1,1.0,6010,RF,0.6592216046243158
1,1.0,6010,LR,0.8644572368810826
1,1.0,6010,LR,0.8644572368810826
2,0.0,10,CPF,0.14832999390955437
2,0.0,10,RF,0.09809905365150806
2,0.0,10,LR,0.22598009889389792
2,0.0,10,LR,0.22598009889389792
2,0.0,210,CPF,0.7378947686594659
2,0.0,210,RF,0.5628652981490911
2,0.0,210,LR,1.0
2,0.0,210,LR,1.0
2,0.0,410,CPF,0.902810269312469
2,0.0,410,RF,0.6482207377913638
2,0.0,410,LR,1.0
2,0.0,410,LR,1.0
2,0.0,610,CPF,0.9273003978068353
2,0.0,610,RF,0.6633490824411247
2,0.0,610,LR,1.0
2,0.0,610,LR,1.0
2,0.0,810,CPF,0.9548300254888281
2,0.0,810,RF,0.6872176863330928
2,0.0,810,LR,1.0
2,0.0,810,LR,1.0
2,0.0,1010,CPF,0.9684517305248732
2,0.0,1010,RF,0.7020385179281504
2,0.0,1010,LR,1.0
2,0.0,1010,LR,1.0
2,0.0,1210,CPF,0.9758531096355287
2,0.0,1210,RF,0.7001669599646981
2,0.0,1210,LR,1.0
2,0.0,1210,LR,1.0
2,0.0,1410,CPF,0.9714278982847628
2,0.0,1410,RF,0.7154717585418655
2,0.0,1410,LR,1.0
2,0.0,1410,LR,1.0
2,0.0,1610,CPF,0.9739720080225793
2,0.0,1610,RF,0.7070733770219098
2,0.0,1610,LR,1.0
2,0.0,1610,LR,1.0
2,0.0,1810,CPF,0.9774564673276075
2,0.0,1810,RF,0.7098013258531772
2,0.0,1810,LR,1.0
2,0.0,1810,LR,1.0
2,0.0,2010,CPF,0.9781508752482754
2,0.0,2010,RF,0.7204459320688699
2,0.0,2010,LR,1.0
2,0.0,2010,LR,1.0
2,0.0,2210,CPF,0.9816160474959998
2,0.0,2210,RF,0.7177250702711422
2,0.0,2210,LR,1.0
2,0.0,2210,LR,1.0
2,0.0,2410,CPF,0.9881866025151084
2,0.0,2410,RF,0.7249830683000136
2,0.0,2410,LR,1.0
2,0.0,2410,LR,1.0
2,0.0,2610,CPF,0.9888283571919514
2,0.0,2610,RF,0.7344239529876115
2,0.0,2610,LR,1.0
2,0.0,2610,LR,1.0
2,0.0,2810,CPF,0.9898915855955785
2,0.0,2810,RF,0.7337071312343333
2,0.0,2810,LR,1.0
2,0.0,2810,LR,1.0
2,0.0,3010,CPF,0.991587904957049
2,0.0,3010,RF,0.7327638931109965
2,0.0,3010,LR,1.0
2,0.0,3010,LR,1.0
2,0.0,3210,CPF,0.9910497584442055
2,0.0,3210,RF,0.7358693853563996
2,0.0,3210,LR,1.0
2,0.0,3210,LR,1.0
2,0.0,3410,CPF,0.9938152219258849
2,0.0,3410,RF,0.7346625621824979
2,0.0,3410,LR,1.0
2,0.0,3410,LR,1.0
2,0.0,3610,CPF,0.9949907880116965
2,0.0,3610,RF,0.7413101927706935
2,0.0,3610,LR,1.0
2,0.0,3610,LR,1.0
2,0.0,3810,CPF,0.9938198307601602
2,0.0,3810,RF,0.7410841202149319
2,0.0,3810,LR,1.0
2,0.0,3810,LR,1.0
2,0.0,4010,CPF,0.9926320390623423
2,0.0,4010,RF,0.7421730020210378
2,0.0,4010,LR,1.0
2,0.0,4010,LR,1.0
2,0.0,4210,CPF,0.9944252001928052
2,0.0,4210,RF,0.7494905512956811
2,0.0,4210,LR,1.0
2,0.0,4210,LR,1.0
2,0.0,4410,CPF,0.9944557832789294
2,0.0,4410,RF,0.7556537326292384
2,0.0,4410,LR,1.0
2,0.0,4410,LR,1.0
2,0.0,4610,CPF,0.9940464917524412
2,0.0,4610,RF,0.7541736748712888
2,0.0,4610,LR,1.0
2,0.0,4610,LR,1.0
2,0.0,4810,CPF,0.9949244556795974
2,0.0,4810,RF,0.7563265837725113
2,0.0,4810,LR,1.0
2,0.0,4810,LR,1.0
2,0.0,5010,CPF,0.9958721218761282
2,0.0,5010,RF,0.75668694265667
2,0.0,5010,LR,1.0
2,0.0,5010,LR,1.0
2,0.0,5210,CPF,0.9964873006179593
2,0.0,5210,RF,0.7589242248479997
2,0.0,5210,LR,1.0
2,0.0,5210,LR,1.0
2,0.0,5410,CPF,0.9966875778141442
2,0.0,5410,RF,0.7597027530485178
2,0.0,5410,LR,1.0
2,0.0,5410,LR,1.0
2,0.0,5610,CPF,0.9968174838928303
2,0.0,5610,RF,0.7606979510563586
2,0.0,5610,LR,1.0
2,0.0,5610,LR,1.0
2,0.0,5810,CPF,0.9967698166427916
2,0.0,5810,RF,0.7630886775755991
2,0.0,5810,LR,1.0
2,0.0,5810,LR,1.0
2,0.0,6010,CPF,0.9974909643704774
2,0.0,6010,RF,0.7638113020278132
2,0.0,6010,LR,1.0
2,0.0,6010,LR,1.0
2,0.1,10,CPF,0.326808617611856
2,0.1,10,RF,0.013350516073915797
2,0.1,10,LR,0.6047689563203458
2,0.1,10,LR,0.6047689563203458
2,0.1,210,CPF,0.6910415851367326
2,0.1,210,RF,0.5059359677355318
2,0.1,210,LR,0.998345783230059
2,0.1,210,LR,0.998345783230059
2,0.1,410,CPF,0.8598326238931276
2,0.1,410,RF,0.6269027666438989
2,0.1,410,LR,0.9984423996342697
2,0.1,410,LR,0.9984423996342697
2,0.1,610,CPF,0.915911370053676
2,0.1,610,RF,0.6392445664529238
2,0.1,610,LR,0.9984691385745352
2,0.1,610,LR,0.9984691385745352
2,0.1,810,CPF,0.9356261281996606
2,0.1,810,RF,0.6655395000212749
2,0.1,810,LR,0.9984873937307045
2,0.1,810,LR,0.9984873937307045
2,0.1,1010,CPF,0.9437879230066684
2,0.1,1010,RF,0.6782773908673669
2,0.1,1010,LR,0.9985056794634142
2,0.1,1010,LR,0.9985056794634142
2,0.1,1210,CPF,0.9495201735421885
2,0.1,1210,RF,0.6759848274063145
2,0.1,1210,LR,0.998506539579213
2,0.1,1210,LR,0.998506539579213
2,0.1,1410,CPF,0.9630398864029746
2,0.1,1410,RF,0.6975552008809844
2,0.1,1410,LR,0.9985057715591198
2,0.1,1410,LR,0.9985057715591198
2,0.1,1610,CPF,0.9629062369770692
2,0.1,1610,RF,0.7003056623585682
2,0.1,1610,LR,0.9985095216139087
2,0.1,1610,LR,0.9985095216139087
2,0.1,1810,CPF,0.9698415702206528
2,0.1,1810,RF,0.7094382658136702
2,0.1,1810,LR,0.9985058491319068
2,0.1,1810,LR,0.9985058491319068
2,0.1,2010,CPF,0.9752656800837847
2,0.1,2010,RF,0.7114168818155446
2,0.1,2010,LR,0.998509397471143
2,0.1,2010,LR,0.998509397471143
2,0.1,2210,CPF,0.9815233334136295
2,0.1,2210,RF,0.7079113396130787
2,0.1,2210,LR,0.9985075835279228
2,0.1,2210,LR,0.9985075835279228
2,0.1,2410,CPF,0.9806385749202007
2,0.1,2410,RF,0.7167238937970166
2,0.1,2410,LR,0.998509335942054
2,0.1,2410,LR,0.998509335942054
2,0.1,2610,CPF,0.9822316008647537
2,0.1,2610,RF,0.7209386797981812
2,0.1,2610,LR,0.998510518584798
2,0.1,2610,LR,0.998510518584798
2,0.1,2810,CPF,0.9799287441642863
2,0.1,2810,RF,0.723316876412466
2,0.1,2810,LR,0.998516268202573
2,0.1,2810,LR,0.998516268202573
2,0.1,3010,CPF,0.983879945287645
2,0.1,3010,RF,0.7321307698031945
2,0.1,3010,LR,0.9985167452544295
2,0.1,3010,LR,0.9985167452544295
2,0.1,3210,CPF,0.9868277350209446
2,0.1,3210,RF,0.7289605558560912
2,0.1,3210,LR,0.9985182478561598
2,0.1,3210,LR,0.9985182478561598
2,0.1,3410,CPF,0.9862790237681289
2,0.1,3410,RF,0.7277876737245642
2,0.1,3410,LR,0.9985207672070726
2,0.1,3410,LR,0.9985207672070726
2,0.1,3610,CPF,0.9877882552873188
2,0.1,3610,RF,0.7348553389462713
2,0.1,3610,LR,0.9985206353659445
2,0.1,3610,LR,0.9985206353659445
2,0.1,3810,CPF,0.988752235976434
2,0.1,3810,RF,0.7373371077188733
2,0.1,3810,LR,0.9985218352282806
2,0.1,3810,LR,0.9985218352282806
2,0.1,4010,CPF,0.9902540711773613
2,0.1,4010,RF,0.7384647886630129
2,0.1,4010,LR,0.9985215800777075
2,0.1,4010,LR,0.9985215800777075
2,0.1,4210,CPF,0.9908626386282409
2,0.1,4210,RF,0.7382509115896698
2,0.1,4210,LR,0.9985224871223436
2,0.1,4210,LR,0.9985224871223436
2,0.1,4410,CPF,0.9900767464187378
2,0.1,4410,RF,0.7381649086812874
2,0.1,4410,LR,0.9985226987754827
2,0.1,4410,LR,0.9985226987754827
2,0.1,4610,CPF,0.9907576311567118
2,0.1,4610,RF,0.7401115923244782
2,0.1,4610,LR,0.9985229265653683
2,0.1,4610,LR,0.9985229265653683
2,0.1,4810,CPF,0.9915576571447332
2,0.1,4810,RF,0.742231747050653
2,0.1,4810,LR,0.9985219982054477
2,0.1,4810,LR,0.9985219982054477
2,0.1,5010,CPF,0.9930632167321866
2,0.1,5010,RF,0.746102482538628
2,0.1,5010,LR,0.9985224743095543
2,0.1,5010,LR,0.9985224743095543
2,0.1,5210,CPF,0.9933111339105287
2,0.1,5210,RF,0.7484953269587942
2,0.1,5210,LR,0.9985247012799711
2,0.1,5210,LR,0.9985247012799711
2,0.1,5410,CPF,0.9938522414182334
2,0.1,5410,RF,0.7511638029641613
2,0.1,5410,LR,0.998525761762557
2,0.1,5410,LR,0.998525761762557
2,0.1,5610,CPF,0.9949028006150639
2,0.1,5610,RF,0.748150360824553
2,0.1,5610,LR,0.9985251982060295
2,0.1,5610,LR,0.9985251982060295
2,0.1,5810,CPF,0.9951304768036733
2,0.1,5810,RF,0.7492327594554692
2,0.1,5810,LR,0.998526414355718
2,0.1,5810,LR,0.998526414355718
2,0.1,6010,CPF,0.9953870502458488
2,0.1,6010,RF,0.7533607470029196
2,0.1,6010,LR,0.998528239877421
2,0.1,6010,LR,0.998528239877421
2,0.5,10,CPF,0.296407871230676
2,0.5,10,RF,0.011084939818097439
2,0.5,10,LR,0.46860572281891455
2,0.5,10,LR,0.46860572281891455
2,0.5,210,CPF,0.6661642811547484
2,0.5,210,RF,0.48421917763760947
2,0.5,210,LR,0.9601660883449209
2,0.5,210,LR,0.9601660883449209
2,0.5,410,CPF,0.8220913865743548
2,0.5,410,RF,0.611246041814516
2,0.5,410,LR,0.9624926330757564
2,0.5,410,LR,0.9624926330757564
2,0.5,610,CPF,0.8771939607209961
2,0.5,610,RF,0.6142263992297343
2,0.5,610,LR,0.9631365127677282
2,0.5,610,LR,0.9631365127677282
2,0.5,810,CPF,0.896573480994123
2,0.5,810,RF,0.6408714384679945
2,0.5,810,LR,0.9635761010316785
2,0.5,810,LR,0.9635761010316785
2,0.5,1010,CPF,0.9003203516728573
2,0.5,1010,RF,0.6572485732817421
2,0.5,1010,LR,0.9640164255855951
2,0.5,1010,LR,0.9640164255855951
2,0.5,1210,CPF,0.9170533929351787
2,0.5,1210,RF,0.6567157292822519
2,0.5,1210,LR,0.9640371373673686
2,0.5,1210,LR,0.9640371373673686
2,0.5,1410,CPF,0.9282866255325383
2,0.5,1410,RF,0.6814899735323072
2,0.5,1410,LR,0.9640186432708875
2,0.5,1410,LR,0.9640186432708875
2,0.5,1610,CPF,0.9272483267491751
2,0.5,1610,RF,0.6796347693406892
2,0.5,1610,LR,0.964108945433144
2,0.5,1610,LR,0.964108945433144
2,0.5,1810,CPF,0.9309355039283329
2,0.5,1810,RF,0.688198096207771
2,0.5,1810,LR,0.9640205112410354
2,0.5,1810,LR,0.9640205112410354
2,0.5,2010,CPF,0.9388746588048759
2,0.5,2010,RF,0.6891509927690149
2,0.5,2010,LR,0.9641059560474391
2,0.5,2010,LR,0.9641059560474391
2,0.5,2210,CPF,0.9391247199711065
2,0.5,2210,RF,0.6855200313772181
2,0.5,2210,LR,0.9640622758869603
2,0.5,2210,LR,0.9640622758869603
2,0.5,2410,CPF,0.9412123724838137
2,0.5,2410,RF,0.6987076871160003
2,0.5,2410,LR,0.9641044744131486
2,0.5,2410,LR,0.9641044744131486
2,0.5,2610,CPF,0.9437569649790071
2,0.5,2610,RF,0.6965945413552701
2,0.5,2610,LR,0.9641329527162565
2,0.5,2610,LR,0.9641329527162565
2,0.5,2810,CPF,0.9432049913752888
2,0.5,2810,RF,0.6982017943094843
2,0.5,2810,LR,0.964271404804677
2,0.5,2810,LR,0.964271404804677
2,0.5,3010,CPF,0.9467132837377312
2,0.5,3010,RF,0.70283084836491
2,0.5,3010,LR,0.964282892320614
2,0.5,3010,LR,0.964282892320614
2,0.5,3210,CPF,0.9499049913340444
2,0.5,3210,RF,0.7045779065804125
2,0.5,3210,LR,0.964319075308034
2,0.5,3210,LR,0.964319075308034
2,0.5,3410,CPF,0.9473915159793223
2,0.5,3410,RF,0.7024816135879717
2,0.5,3410,LR,0.9643797418443154
2,0.5,3410,LR,0.9643797418443154
2,0.5,3610,CPF,0.9508537980219067
2,0.5,3610,RF,0.706468099459953
2,0.5,3610,LR,0.9643765670803136
2,0.5,3610,LR,0.9643765670803136
2,0.5,3810,CPF,0.9504888645959837
2,0.5,3810,RF,0.7146120232344861
2,0.5,3810,LR,0.9644054600350727
2,0.5,3810,LR,0.9644054600350727
2,0.5,4010,CPF,0.9532636545612264
2,0.5,4010,RF,0.7147200048195609
2,0.5,4010,LR,0.9643993159519212
2,0.5,4010,LR,0.9643993159519212
2,0.5,4210,CPF,0.9543530819538589
2,0.5,4210,RF,0.7122705570160595
2,0.5,4210,LR,0.9644211577906422
2,0.5,4210,LR,0.9644211577906422
2,0.5,4410,CPF,0.9547442181037294
2,0.5,4410,RF,0.7128526232722128
2,0.5,4410,LR,0.9644262544458082
2,0.5,4410,LR,0.9644262544458082
2,0.5,4610,CPF,0.9550590714400218
2,0.5,4610,RF,0.715438735342542
2,0.5,4610,LR,0.9644317396774561
2,0.5,4610,LR,0.9644317396774561
2,0.5,4810,CPF,0.9561119876465047
2,0.5,4810,RF,0.7167693646122398
2,0.5,4810,LR,0.9644093845618918
2,0.5,4810,LR,0.9644093845618918
2,0.5,5010,CPF,0.9567098668875422
2,0.5,5010,RF,0.7177881891675607
2,0.5,5010,LR,0.9644208492557973
2,0.5,5010,LR,0.9644208492557973
2,0.5,5210,CPF,0.9571617048909029
2,0.5,5210,RF,0.7228508066275879
2,0.5,5210,LR,0.9644744752040103
2,0.5,5210,LR,0.9644744752040103
2,0.5,5410,CPF,0.95763955195753
2,0.5,5410,RF,0.7285261502438711
2,0.5,5410,LR,0.9645000118630568
2,0.5,5410,LR,0.9645000118630568
2,0.5,5610,CPF,0.9580579984772625
2,0.5,5610,RF,0.7258282488560479
2,0.5,5610,LR,0.9644864412951974
2,0.5,5610,LR,0.9644864412951974
2,0.5,5810,CPF,0.9589838981074598
2,0.5,5810,RF,0.7266444416101647
2,0.5,5810,LR,0.9645157264530624
2,0.5,5810,LR,0.9645157264530624
2,0.5,6010,CPF,0.9584004351649492
2,0.5,6010,RF,0.7319217796785167
2,0.5,6010,LR,0.9645596854260112
2,0.5,6010,LR,0.9645596854260112
2,1.0,10,CPF,0.205529603245034
2,1.0,10,RF,-0.15083771718679695
2,1.0,10,LR,0.01008582354317189
2,1.0,10,LR,0.01008582354317189
2,1.0,210,CPF,0.5912733022560208
2,1.0,210,RF,0.4448978451186888
2,1.0,210,LR,0.8563898228136464
2,1.0,210,LR,0.8563898228136464
2,1.0,410,CPF,0.7246637390118801
2,1.0,410,RF,0.5540270173726164
2,1.0,410,LR,0.864777537882163
2,1.0,410,LR,0.864777537882163
2,1.0,610,CPF,0.7791233612151208
2,1.0,610,RF,0.5614121682305249
2,1.0,610,LR,0.8670988684472211
2,1.0,610,LR,0.8670988684472211
2,1.0,810,CPF,0.8045009090692951
2,1.0,810,RF,0.5878949122385946
2,1.0,810,LR,0.8686836826382445
2,1.0,810,LR,0.8686836826382445
2,1.0,1010,CPF,0.7985914723629707
2,1.0,1010,RF,0.5993744427883176
2,1.0,1010,LR,0.8702711513195786
2,1.0,1010,LR,0.8702711513195786
2,1.0,1210,CPF,0.8115507481305229
2,1.0,1210,RF,0.6103106909059982
2,1.0,1210,LR,0.8703458219338056
2,1.0,1210,LR,0.8703458219338056
2,1.0,1410,CPF,0.8271304727745683
2,1.0,1410,RF,0.626176236121039
2,1.0,1410,LR,0.8702791465719794
2,1.0,1410,LR,0.8702791465719794
2,1.0,1610,CPF,0.8293530723225496
2,1.0,1610,RF,0.6270499543806758
2,1.0,1610,LR,0.8706047061011125
2,1.0,1610,LR,0.8706047061011125
2,1.0,1810,CPF,0.8350282164017903
2,1.0,1810,RF,0.6302967700540308
2,1.0,1810,LR,0.8702858810229224
2,1.0,1810,LR,0.8702858810229224
2,1.0,2010,CPF,0.8422672314388638
2,1.0,2010,RF,0.6321893072119841
2,1.0,2010,LR,0.8705939286958084
2,1.0,2010,LR,0.8705939286958084
2,1.0,2210,CPF,0.8396955141488815
2,1.0,2210,RF,0.6297300484042212
2,1.0,2210,LR,0.8704364519297754
2,1.0,2210,LR,0.8704364519297754
2,1.0,2410,CPF,0.8429502080524939
2,1.0,2410,RF,0.6389843001415473
2,1.0,2410,LR,0.8705885870721983
2,1.0,2410,LR,0.8705885870721983
2,1.0,2610,CPF,0.8471586239765234
2,1.0,2610,RF,0.6379635974428622
2,1.0,2610,LR,0.8706912577360968
2,1.0,2610,LR,0.8706912577360968
2,1.0,2810,CPF,0.846097550844097
2,1.0,2810,RF,0.642534618452077
2,1.0,2810,LR,0.8711904085381079
2,1.0,2810,LR,0.8711904085381079
2,1.0,3010,CPF,0.8483608661153874
2,1.0,3010,RF,0.6440975721356408
2,1.0,3010,LR,0.8712318236070934
2,1.0,3010,LR,0.8712318236070934
2,1.0,3210,CPF,0.8482715012071336
2,1.0,3210,RF,0.6412944673213856
2,1.0,3210,LR,0.8713622713843414
2,1.0,3210,LR,0.8713622713843414
2,1.0,3410,CPF,0.8512611080539731
2,1.0,3410,RF,0.6453107562460434
2,1.0,3410,LR,0.8715809878413168
2,1.0,3410,LR,0.8715809878413168
2,1.0,3610,CPF,0.8547346257641023
2,1.0,3610,RF,0.6479043425977287
2,1.0,3610,LR,0.8715695421057142
2,1.0,3610,LR,0.8715695421057142
2,1.0,3810,CPF,0.8540851739390518
2,1.0,3810,RF,0.6465160834874616
2,1.0,3810,LR,0.8716737076817265
2,1.0,3810,LR,0.8716737076817265
2,1.0,4010,CPF,0.8557448468182423
2,1.0,4010,RF,0.6525327554992065
2,1.0,4010,LR,0.871651556885248
2,1.0,4010,LR,0.871651556885248
2,1.0,4210,CPF,0.8584970499749548
2,1.0,4210,RF,0.6527128352778173
2,1.0,4210,LR,0.8717303016079844
2,1.0,4210,LR,0.8717303016079844
2,1.0,4410,CPF,0.8575022774893989
2,1.0,4410,RF,0.6506802160248885
2,1.0,4410,LR,0.8717486761918766
2,1.0,4410,LR,0.8717486761918766
2,1.0,4610,CPF,0.859745604163093
2,1.0,4610,RF,0.6504169431048636
2,1.0,4610,LR,0.8717684516810544
2,1.0,4610,LR,0.8717684516810544
2,1.0,4810,CPF,0.8594937684514168
2,1.0,4810,RF,0.6521725408631625
2,1.0,4810,LR,0.8716878564802869
2,1.0,4810,LR,0.8716878564802869
2,1.0,5010,CPF,0.8589611181501536
2,1.0,5010,RF,0.6567014186405715
2,1.0,5010,LR,0.8717291892707346
2,1.0,5010,LR,0.8717291892707346
2,1.0,5210,CPF,0.8612736329661496
2,1.0,5210,RF,0.6576944134235403
2,1.0,5210,LR,0.8719225228301234
2,1.0,5210,LR,0.8719225228301234
2,1.0,5410,CPF,0.860948479370732
2,1.0,5410,RF,0.6631163355567146
2,1.0,5410,LR,0.8720145882080397
2,1.0,5410,LR,0.8720145882080397
2,1.0,5610,CPF,0.8609576555806261
2,1.0,5610,RF,0.6627614552629068
2,1.0,5610,LR,0.8719656632701206
2,1.0,5610,LR,0.8719656632701206
2,1.0,5810,CPF,0.8626521206260129
2,1.0,5810,RF,0.6602144723490524
2,1.0,5810,LR,0.8720712428262116
2,1.0,5810,LR,0.8720712428262116
2,1.0,6010,CPF,0.8631914794700991
2,1.0,6010,RF,0.6659556464512829
2,1.0,6010,LR,0.8722297247736733
2,1.0,6010,LR,0.8722297247736733
3,0.0,10,CPF,0.019514666538688608
3,0.0,10,RF,-0.1257811855283657
3,0.0,10,LR,0.4049643743334478
3,0.0,10,LR,0.4049643743334478
3,0.0,210,CPF,0.7952305833487815
3,0.0,210,RF,0.5716303619565932
3,0.0,210,LR,1.0
3,0.0,210,LR,1.0
3,0.0,410,CPF,0.903069135712472
3,0.0,410,RF,0.6227618649406141
3,0.0,410,LR,1.0
3,0.0,410,LR,1.0
3,0.0,610,CPF,0.9458758833629606
3,0.0,610,RF,0.6372605147100328
3,0.0,610,LR,1.0
3,0.0,610,LR,1.0
3,0.0,810,CPF,0.9648904054007595
3,0.0,810,RF,0.6535019971654326
3,0.0,810,LR,1.0
3,0.0,810,LR,1.0
3,0.0,1010,CPF,0.9742432878626349
3,0.0,1010,RF,0.6449023248355776
3,0.0,1010,LR,1.0
3,0.0,1010,LR,1.0
3,0.0,1210,CPF,0.988010476646979
3,0.0,1210,RF,0.6685667021589004
3,0.0,1210,LR,1.0
3,0.0,1210,LR,1.0
3,0.0,1410,CPF,0.9927030277942582
3,0.0,1410,RF,0.6698338444143038
3,0.0,1410,LR,1.0
3,0.0,1410,LR,1.0
3,0.0,1610,CPF,0.9938488983846984
3,0.0,1610,RF,0.6976770878540975
3,0.0,1610,LR,1.0
3,0.0,1610,LR,1.0
3,0.0,1810,CPF,0.9942768721823148
3,0.0,1810,RF,0.7027383535391067
3,0.0,1810,LR,1.0
3,0.0,1810,LR,1.0
3,0.0,2010,CPF,0.9951075292765024
3,0.0,2010,RF,0.7035717398898772
3,0.0,2010,LR,1.0
3,0.0,2010,LR,1.0
3,0.0,2210,CPF,0.9957734487105125
3,0.0,2210,RF,0.7135365791012116
3,0.0,2210,LR,1.0
3,0.0,2210,LR,1.0
3,0.0,2410,CPF,0.9965243314561739
3,0.0,2410,RF,0.7174627530530268
3,0.0,2410,LR,1.0
3,0.0,2410,LR,1.0
3,0.0,2610,CPF,0.9968642878672941
3,0.0,2610,RF,0.7264333136355593
3,0.0,2610,LR,1.0
3,0.0,2610,LR,1.0
3,0.0,2810,CPF,0.9967570709984918
3,0.0,2810,RF,0.7291110497638967
3,0.0,2810,LR,1.0
3,0.0,2810,LR,1.0
3,0.0,3010,CPF,0.9973121311436711
3,0.0,3010,RF,0.728025119817983
3,0.0,3010,LR,1.0
3,0.0,3010,LR,1.0
3,0.0,3210,CPF,0.9976614990286932
3,0.0,3210,RF,0.7356883276660804
3,0.0,3210,LR,1.0
3,0.0,3210,LR,1.0
3,0.0,3410,CPF,0.9975508238924756
3,0.0,3410,RF,0.735895784558193
3,0.0,3410,LR,1.0
3,0.0,3410,LR,1.0
3,0.0,3610,CPF,0.9979080749235618
3,0.0,3610,RF,0.7364682704461448
3,0.0,3610,LR,1.0
3,0.0,3610,LR,1.0
3,0.0,3810,CPF,0.9980121095851647
3,0.0,3810,RF,0.7445903067137798
3,0.0,3810,LR,1.0
3,0.0,3810,LR,1.0
3,0.0,4010,CPF,0.9980406598950993
3,0.0,4010,RF,0.7435809160040863
3,0.0,4010,LR,1.0
3,0.0,4010,LR,1.0
3,0.0,4210,CPF,0.9982870729613599
3,0.0,4210,RF,0.7442280436153725
3,0.0,4210,LR,1.0
3,0.0,4210,LR,1.0
3,0.0,4410,CPF,0.9982650977646106
3,0.0,4410,RF,0.7438054861172798
3,0.0,4410,LR,1.0
3,0.0,4410,LR,1.0
3,0.0,4610,CPF,0.9987964773899504
3,0.0,4610,RF,0.748764352552936
3,0.0,4610,LR,1.0
3,0.0,4610,LR,1.0
3,0.0,4810,CPF,0.999001154003492
3,0.0,4810,RF,0.7551386225760082
3,0.0,4810,LR,1.0
3,0.0,4810,LR,1.0
3,0.0,5010,CPF,0.9988840257762325
3,0.0,5010,RF,0.7573741910681598
3,0.0,5010,LR,1.0
3,0.0,5010,LR,1.0
3,0.0,5210,CPF,0.998959761213999
3,0.0,5210,RF,0.7603726003366198
3,0.0,5210,LR,1.0
3,0.0,5210,LR,1.0
3,0.0,5410,CPF,0.9988446219145607
3,0.0,5410,RF,0.7605639838889549
3,0.0,5410,LR,1.0
3,0.0,5410,LR,1.0
3,0.0,5610,CPF,0.9991739380068225
3,0.0,5610,RF,0.7580629956322392
3,0.0,5610,LR,1.0
3,0.0,5610,LR,1.0
3,0.0,5810,CPF,0.9992463404016114
3,0.0,5810,RF,0.760474908243738
3,0.0,5810,LR,1.0
3,0.0,5810,LR,1.0
3,0.0,6010,CPF,0.9991933892452209
3,0.0,6010,RF,0.7625125794253765
3,0.0,6010,LR,1.0
3,0.0,6010,LR,1.0
3,0.1,10,CPF,-0.15066868771544728
3,0.1,10,RF,-0.22806991047362168
3,0.1,10,LR,0.28769553997860264
3,0.1,10,LR,0.28769553997860264
3,0.1,210,CPF,0.7478111652108176
3,0.1,210,RF,0.5562940127184391
3,0.1,210,LR,0.9981584617848545
3,0.1,210,LR,0.9981584617848545
3,0.1,410,CPF,0.8764130073434178
3,0.1,410,RF,0.6245702257239044
3,0.1,410,LR,0.9982296190182783
3,0.1,410,LR,0.9982296190182783
3,0.1,610,CPF,0.91575721910501
3,0.1,610,RF,0.6341333828465312
3,0.1,610,LR,0.9982657998263734
3,0.1,610,LR,0.9982657998263734
3,0.1,810,CPF,0.9534379265301898
3,0.1,810,RF,0.6568403815391795
3,0.1,810,LR,0.9982738602205012
3,0.1,810,LR,0.9982738602205012
3,0.1,1010,CPF,0.9688020480279103
3,0.1,1010,RF,0.6592363597217465
3,0.1,1010,LR,0.9982800352846617
3,0.1,1010,LR,0.9982800352846617
3,0.1,1210,CPF,0.9696239395698207
3,0.1,1210,RF,0.678814920068616
3,0.1,1210,LR,0.9982805898931534
3,0.1,1210,LR,0.9982805898931534
3,0.1,1410,CPF,0.9773218524216436
3,0.1,1410,RF,0.6892216215786179
3,0.1,1410,LR,0.9982868099275668
3,0.1,1410,LR,0.9982868099275668
3,0.1,1610,CPF,0.9842867946651687
3,0.1,1610,RF,0.6948792584297558
3,0.1,1610,LR,0.9982961612498448
3,0.1,1610,LR,0.9982961612498448
3,0.1,1810,CPF,0.9851029738121757
3,0.1,1810,RF,0.7030266499413169
3,0.1,1810,LR,0.9982926712530652
3,0.1,1810,LR,0.9982926712530652
3,0.1,2010,CPF,0.9866101921212828
3,0.1,2010,RF,0.7006002089771814
3,0.1,2010,LR,0.9982940184366036
3,0.1,2010,LR,0.9982940184366036
3,0.1,2210,CPF,0.9891853382525533
3,0.1,2210,RF,0.7054528465559986
3,0.1,2210,LR,0.9982942750635674
3,0.1,2210,LR,0.9982942750635674
3,0.1,2410,CPF,0.9888992142411343
3,0.1,2410,RF,0.7067370301657634
3,0.1,2410,LR,0.9982951414726922
3,0.1,2410,LR,0.9982951414726922
3,0.1,2610,CPF,0.9914754909189301
3,0.1,2610,RF,0.7161967167376173
3,0.1,2610,LR,0.9982956515345585
3,0.1,2610,LR,0.9982956515345585
3,0.1,2810,CPF,0.9915601683058077
3,0.1,2810,RF,0.7254983223166216
3,0.1,2810,LR,0.9982959559015762
3,0.1,2810,LR,0.9982959559015762
3,0.1,3010,CPF,0.9926382808592302
3,0.1,3010,RF,0.7318972942548728
3,0.1,3010,LR,0.9982980550718326
3,0.1,3010,LR,0.9982980550718326
3,0.1,3210,CPF,0.9935891812522584
3,0.1,3210,RF,0.7283982146416833
3,0.1,3210,LR,0.9982989752903314
3,0.1,3210,LR,0.9982989752903314
3,0.1,3410,CPF,0.9939957362072037
3,0.1,3410,RF,0.7325474389976591
3,0.1,3410,LR,0.9982992336702619
3,0.1,3410,LR,0.9982992336702619
3,0.1,3610,CPF,0.9944264808482286
3,0.1,3610,RF,0.7343674873711065
3,0.1,3610,LR,0.9983003466117648
3,0.1,3610,LR,0.9983003466117648
3,0.1,3810,CPF,0.9947319937614149
3,0.1,3810,RF,0.7393088268831551
3,0.1,3810,LR,0.9983006971913222
3,0.1,3810,LR,0.9983006971913222
3,0.1,4010,CPF,0.995318682033605
3,0.1,4010,RF,0.7379115014840356
3,0.1,4010,LR,0.9983039380812345
3,0.1,4010,LR,0.9983039380812345
3,0.1,4210,CPF,0.995310998288129
3,0.1,4210,RF,0.7455736346824049
3,0.1,4210,LR,0.9983036184713611
3,0.1,4210,LR,0.9983036184713611
3,0.1,4410,CPF,0.9958315949491164
3,0.1,4410,RF,0.7492523791972119
3,0.1,4410,LR,0.9983050393050328
3,0.1,4410,LR,0.9983050393050328
3,0.1,4610,CPF,0.9959151129588913
3,0.1,4610,RF,0.7496091904852378
3,0.1,4610,LR,0.9983070567943129
3,0.1,4610,LR,0.9983070567943129
3,0.1,4810,CPF,0.9963006887960011
3,0.1,4810,RF,0.7506952076126299
3,0.1,4810,LR,0.9983069128140033
3,0.1,4810,LR,0.9983069128140033
3,0.1,5010,CPF,0.9960783054303854
3,0.1,5010,RF,0.7511794792599108
3,0.1,5010,LR,0.9983076037771403
3,0.1,5010,LR,0.9983076037771403
3,0.1,5210,CPF,0.9960053982284784
3,0.1,5210,RF,0.7531361530648174
3,0.1,5210,LR,0.998308389076491
3,0.1,5210,LR,0.998308389076491
3,0.1,5410,CPF,0.9965773113156016
3,0.1,5410,RF,0.7533054207174235
3,0.1,5410,LR,0.9983078677535498
3,0.1,5410,LR,0.9983078677535498
3,0.1,5610,CPF,0.9964551999766771
3,0.1,5610,RF,0.7512348135834983
3,0.1,5610,LR,0.9983084819325486
3,0.1,5610,LR,0.9983084819325486
3,0.1,5810,CPF,0.9962584305016343
3,0.1,5810,RF,0.7566057296589215
3,0.1,5810,LR,0.9983085754628934
3,0.1,5810,LR,0.9983085754628934
3,0.1,6010,CPF,0.9962216660330229
3,0.1,6010,RF,0.7567899663562442
3,0.1,6010,LR,0.9983091027838459
3,0.1,6010,LR,0.9983091027838459
3,0.5,10,CPF,-0.2958533799084213
3,0.5,10,RF,-0.3397286272252811
3,0.5,10,LR,0.15238964730401316
3,0.5,10,LR,0.15238964730401316
3,0.5,210,CPF,0.6953031398987641
3,0.5,210,RF,0.5190760163951182
3,0.5,210,LR,0.9561857624541017
3,0.5,210,LR,0.9561857624541017
3,0.5,410,CPF,0.8316717490891163
3,0.5,410,RF,0.5911647965748132
3,0.5,410,LR,0.9578787492749555
3,0.5,410,LR,0.9578787492749555
3,0.5,610,CPF,0.8598397425753965
3,0.5,610,RF,0.6047094904695144
3,0.5,610,LR,0.9587395701406014
3,0.5,610,LR,0.9587395701406014
3,0.5,810,CPF,0.9042947104378858
3,0.5,810,RF,0.6225012553676658
3,0.5,810,LR,0.9589313446148572
3,0.5,810,LR,0.9589313446148572
3,0.5,1010,CPF,0.9170651034310687
3,0.5,1010,RF,0.6331522682163522
3,0.5,1010,LR,0.9590782629496292
3,0.5,1010,LR,0.9590782629496292
3,0.5,1210,CPF,0.9221524978660935
3,0.5,1210,RF,0.6519652624789722
3,0.5,1210,LR,0.959091458303382
3,0.5,1210,LR,0.959091458303382
3,0.5,1410,CPF,0.9316787049957415
3,0.5,1410,RF,0.6586583172062037
3,0.5,1410,LR,0.9592394465792107
3,0.5,1410,LR,0.9592394465792107
3,0.5,1610,CPF,0.9411263095437047
3,0.5,1610,RF,0.6698257981488143
3,0.5,1610,LR,0.9594619350686082
3,0.5,1610,LR,0.9594619350686082
3,0.5,1810,CPF,0.9391584146038124
3,0.5,1810,RF,0.6781735470098478
3,0.5,1810,LR,0.9593789003823473
3,0.5,1810,LR,0.9593789003823473
3,0.5,2010,CPF,0.942437402009327
3,0.5,2010,RF,0.6749832753663911
3,0.5,2010,LR,0.959410952836694
3,0.5,2010,LR,0.959410952836694
3,0.5,2210,CPF,0.9423820948090419
3,0.5,2210,RF,0.6786101339961499
3,0.5,2210,LR,0.9594170585556304
3,0.5,2210,LR,0.9594170585556304
3,0.5,2410,CPF,0.9440118034241668
3,0.5,2410,RF,0.6823211571459527
3,0.5,2410,LR,0.9594376723310544
3,0.5,2410,LR,0.9594376723310544
3,0.5,2610,CPF,0.9475078061612606
3,0.5,2610,RF,0.6913672998234799
3,0.5,2610,LR,0.9594498078227808
3,0.5,2610,LR,0.9594498078227808
3,0.5,2810,CPF,0.9483936079981549
3,0.5,2810,RF,0.6925356358079844
3,0.5,2810,LR,0.9594570493824214
3,0.5,2810,LR,0.9594570493824214
3,0.5,3010,CPF,0.9487486071767832
3,0.5,3010,RF,0.7019095768735395
3,0.5,3010,LR,0.9595069932519026
3,0.5,3010,LR,0.9595069932519026
3,0.5,3210,CPF,0.9507848353174342
3,0.5,3210,RF,0.7042717909059554
3,0.5,3210,LR,0.9595288872704865
3,0.5,3210,LR,0.9595288872704865
3,0.5,3410,CPF,0.9503300977645849
3,0.5,3410,RF,0.7026842906655102
3,0.5,3410,LR,0.9595350346963488
3,0.5,3410,LR,0.9595350346963488
3,0.5,3610,CPF,0.9522688289979564
3,0.5,3610,RF,0.7071619799824451
3,0.5,3610,LR,0.9595615140183544
3,0.5,3610,LR,0.9595615140183544
3,0.5,3810,CPF,0.9531574225795417
3,0.5,3810,RF,0.7140740098686609
3,0.5,3810,LR,0.9595698550757807
3,0.5,3810,LR,0.9595698550757807
3,0.5,4010,CPF,0.9540047149463404
3,0.5,4010,RF,0.7102002716004652
3,0.5,4010,LR,0.9596469629627156
3,0.5,4010,LR,0.9596469629627156
3,0.5,4210,CPF,0.954987827443534
3,0.5,4210,RF,0.717110469536582
3,0.5,4210,LR,0.9596393587420672
3,0.5,4210,LR,0.9596393587420672
3,0.5,4410,CPF,0.9552709665427805
3,0.5,4410,RF,0.7199254307876446
3,0.5,4410,LR,0.9596731634947974
3,0.5,4410,LR,0.9596731634947974
3,0.5,4610,CPF,0.955526476682935
3,0.5,4610,RF,0.718638908332983
3,0.5,4610,LR,0.9597211639945091
3,0.5,4610,LR,0.9597211639945091
3,0.5,4810,CPF,0.955810764012731
3,0.5,4810,RF,0.722042768702394
3,0.5,4810,LR,0.9597177383868123
3,0.5,4810,LR,0.9597177383868123
3,0.5,5010,CPF,0.9557366855444409
3,0.5,5010,RF,0.7246358757123066
3,0.5,5010,LR,0.9597341779169688
3,0.5,5010,LR,0.9597341779169688
3,0.5,5210,CPF,0.9556550960764539
3,0.5,5210,RF,0.727437573857876
3,0.5,5210,LR,0.9597528619127778
3,0.5,5210,LR,0.9597528619127778
3,0.5,5410,CPF,0.9567666491204933
3,0.5,5410,RF,0.7227645413312611
3,0.5,5410,LR,0.9597404584953552
3,0.5,5410,LR,0.9597404584953552
3,0.5,5610,CPF,0.956391798408712
3,0.5,5610,RF,0.723473385835685
3,0.5,5610,LR,0.9597550711622693
3,0.5,5610,LR,0.9597550711622693
3,0.5,5810,CPF,0.9562841348149316
3,0.5,5810,RF,0.7323567259279757
3,0.5,5810,LR,0.959757296454533
3,0.5,5810,LR,0.959757296454533
3,0.5,6010,CPF,0.9559270601952634
3,0.5,6010,RF,0.7289441777000475
3,0.5,6010,LR,0.9597698425778147
3,0.5,6010,LR,0.9597698425778147
3,1.0,10,CPF,-0.5292817846370534
3,1.0,10,RF,-0.49859838485094987
3,1.0,10,LR,-0.08047331766939503
3,1.0,10,LR,-0.08047331766939503
3,1.0,210,CPF,0.5986372885827913
3,1.0,210,RF,0.4586989300155534
3,1.0,210,LR,0.8452842469421533
3,1.0,210,LR,0.8452842469421533
3,1.0,410,CPF,0.7144666689806082
3,1.0,410,RF,0.5266347316127529
3,1.0,410,LR,0.8512624801735548
3,1.0,410,LR,0.8512624801735548
3,1.0,610,CPF,0.7436998968274875
3,1.0,610,RF,0.5276244747527883
3,1.0,610,LR,0.8543021895451213
3,1.0,610,LR,0.8543021895451213
3,1.0,810,CPF,0.7922457454559007
3,1.0,810,RF,0.5701297490800132
3,1.0,810,LR,0.8549793788302406
3,1.0,810,LR,0.8549793788302406
3,1.0,1010,CPF,0.800107893703445
3,1.0,1010,RF,0.5684190863850909
3,1.0,1010,LR,0.8554981732239227
3,1.0,1010,LR,0.8554981732239227
3,1.0,1210,CPF,0.8050736891725354
3,1.0,1210,RF,0.585642368360292
3,1.0,1210,LR,0.8555447683310634
3,1.0,1210,LR,0.8555447683310634
3,1.0,1410,CPF,0.8217219197251571
3,1.0,1410,RF,0.5941173216568327
3,1.0,1410,LR,0.8560673408741682
3,1.0,1410,LR,0.8560673408741682
3,1.0,1610,CPF,0.8288556322041334
3,1.0,1610,RF,0.5996337599605113
3,1.0,1610,LR,0.8568529867306728
3,1.0,1610,LR,0.8568529867306728
3,1.0,1810,CPF,0.8283613605267388
3,1.0,1810,RF,0.6123006251009455
3,1.0,1810,LR,0.856559776698173
3,1.0,1810,LR,0.856559776698173
3,1.0,2010,CPF,0.8316513878296494
3,1.0,2010,RF,0.61448784177091
3,1.0,2010,LR,0.8566729595330084
3,1.0,2010,LR,0.8566729595330084
3,1.0,2210,CPF,0.8341859194785113
3,1.0,2210,RF,0.6135995264368554
3,1.0,2210,LR,0.8566945198968564
3,1.0,2210,LR,0.8566945198968564
3,1.0,2410,CPF,0.8352725584653969
3,1.0,2410,RF,0.6146052102082815
3,1.0,2410,LR,0.8567673107513074
3,1.0,2410,LR,0.8567673107513074
3,1.0,2610,CPF,0.8375182975012614
3,1.0,2610,RF,0.6258672258940527
3,1.0,2610,LR,0.8568101632998473
3,1.0,2610,LR,0.8568101632998473
3,1.0,2810,CPF,0.8385284063455314
3,1.0,2810,RF,0.6299488318676179
3,1.0,2810,LR,0.8568357345163258
3,1.0,2810,LR,0.8568357345163258
3,1.0,3010,CPF,0.840556514597889
3,1.0,3010,RF,0.634110627068085
3,1.0,3010,LR,0.8570120950742224
3,1.0,3010,LR,0.8570120950742224
3,1.0,3210,CPF,0.8428169845819559
3,1.0,3210,RF,0.6365020983099254
3,1.0,3210,LR,0.857089406691687
3,1.0,3210,LR,0.857089406691687
3,1.0,3410,CPF,0.8428374913487113
3,1.0,3410,RF,0.6366345151796127
3,1.0,3410,LR,0.8571111143300013
3,1.0,3410,LR,0.8571111143300013
3,1.0,3610,CPF,0.8432610819289039
3,1.0,3610,RF,0.6367906132731223
3,1.0,3610,LR,0.8572046174576153
3,1.0,3610,LR,0.8572046174576153
3,1.0,3810,CPF,0.8456514493531234
3,1.0,3810,RF,0.6414223565595333
3,1.0,3810,LR,0.8572340711935077
3,1.0,3810,LR,0.8572340711935077
3,1.0,4010,CPF,0.8470309324517966
3,1.0,4010,RF,0.6399449883604622
3,1.0,4010,LR,0.8575063526586668
3,1.0,4010,LR,0.8575063526586668
3,1.0,4210,CPF,0.8494859701905655
3,1.0,4210,RF,0.6446101186479287
3,1.0,4210,LR,0.8574795008225984
3,1.0,4210,LR,0.8574795008225984
3,1.0,4410,CPF,0.8484610566219085
3,1.0,4410,RF,0.6469244935962952
3,1.0,4410,LR,0.85759887133019
3,1.0,4410,LR,0.85759887133019
3,1.0,4610,CPF,0.8505006231035118
3,1.0,4610,RF,0.6504855452925438
3,1.0,4610,LR,0.8577683695087738
3,1.0,4610,LR,0.8577683695087738
3,1.0,4810,CPF,0.849075739479722
3,1.0,4810,RF,0.6471309949317091
3,1.0,4810,LR,0.8577562730875147
3,1.0,4810,LR,0.8577562730875147
3,1.0,5010,CPF,0.8495402523734017
3,1.0,5010,RF,0.6531058077075201
3,1.0,5010,LR,0.8578143239502148
3,1.0,5010,LR,0.8578143239502148
3,1.0,5210,CPF,0.850273900270508
3,1.0,5210,RF,0.6556071419787848
3,1.0,5210,LR,0.8578803004145702
3,1.0,5210,LR,0.8578803004145702
3,1.0,5410,CPF,0.850324966520344
3,1.0,5410,RF,0.6525490386347149
3,1.0,5410,LR,0.8578365017734315
3,1.0,5410,LR,0.8578365017734315
3,1.0,5610,CPF,0.8515917990242641
3,1.0,5610,RF,0.6546977242890009
3,1.0,5610,LR,0.8578881016617887
3,1.0,5610,LR,0.8578881016617887
3,1.0,5810,CPF,0.8511457861182656
3,1.0,5810,RF,0.6620415818573648
3,1.0,5810,LR,0.8578959595588477
3,1.0,5810,LR,0.8578959595588477
3,1.0,6010,CPF,0.8510211999710713
3,1.0,6010,RF,0.6580405673068918
3,1.0,6010,LR,0.8579402621193897
3,1.0,6010,LR,0.8579402621193897
4,0.0,10,CPF,0.011007374865472208
4,0.0,10,RF,0.049128157947759155
4,0.0,10,LR,0.47659004020295503
4,0.0,10,LR,0.47659004020295503
4,0.0,210,CPF,0.7701221428606596
4,0.0,210,RF,0.5961037247082879
4,0.0,210,LR,1.0
4,0.0,210,LR,1.0
4,0.0,410,CPF,0.8894785406588485
4,0.0,410,RF,0.6357394217469226
4,0.0,410,LR,1.0
4,0.0,410,LR,1.0
4,0.0,610,CPF,0.9343591915641046
4,0.0,610,RF,0.6610847566542799
4,0.0,610,LR,1.0
4,0.0,610,LR,1.0
4,0.0,810,CPF,0.9561482844072471
4,0.0,810,RF,0.6762567114831823
4,0.0,810,LR,1.0
4,0.0,810,LR,1.0
4,0.0,1010,CPF,0.9640538990633467
4,0.0,1010,RF,0.6827459206709536
4,0.0,1010,LR,1.0
4,0.0,1010,LR,1.0
4,0.0,1210,CPF,0.9676219010317682
4,0.0,1210,RF,0.6940492368043836
4,0.0,1210,LR,1.0
4,0.0,1210,LR,1.0
4,0.0,1410,CPF,0.9769624712754047
4,0.0,1410,RF,0.6987951595304883
4,0.0,1410,LR,1.0
4,0.0,1410,LR,1.0
4,0.0,1610,CPF,0.9787970198055322
4,0.0,1610,RF,0.7011802346368717
4,0.0,1610,LR,1.0
4,0.0,1610,LR,1.0
4,0.0,1810,CPF,0.9801536228815368
4,0.0,1810,RF,0.7089018594663488
4,0.0,1810,LR,1.0
4,0.0,1810,LR,1.0
4,0.0,2010,CPF,0.9802439298832158
4,0.0,2010,RF,0.7109760111460789
4,0.0,2010,LR,1.0
4,0.0,2010,LR,1.0
4,0.0,2210,CPF,0.9889798823426467
4,0.0,2210,RF,0.7189482632098478
4,0.0,2210,LR,1.0
4,0.0,2210,LR,1.0
4,0.0,2410,CPF,0.9906753371584568
4,0.0,2410,RF,0.7228205208567349
4,0.0,2410,LR,1.0
4,0.0,2410,LR,1.0
4,0.0,2610,CPF,0.9910331399157677
4,0.0,2610,RF,0.7280949624816174
4,0.0,2610,LR,1.0
4,0.0,2610,LR,1.0
4,0.0,2810,CPF,0.9928641724460816
4,0.0,2810,RF,0.7358771919930975
4,0.0,2810,LR,1.0
4,0.0,2810,LR,1.0
4,0.0,3010,CPF,0.9919000926263845
4,0.0,3010,RF,0.7416041010313178
4,0.0,3010,LR,1.0
4,0.0,3010,LR,1.0
4,0.0,3210,CPF,0.9933900602874508
4,0.0,3210,RF,0.7421941928508695
4,0.0,3210,LR,1.0
4,0.0,3210,LR,1.0
4,0.0,3410,CPF,0.9933940020058455
4,0.0,3410,RF,0.7442814687626231
4,0.0,3410,LR,1.0
4,0.0,3410,LR,1.0
4,0.0,3610,CPF,0.9941799964025945
4,0.0,3610,RF,0.7456644481713512
4,0.0,3610,LR,1.0
4,0.0,3610,LR,1.0
4,0.0,3810,CPF,0.9949884779796874
4,0.0,3810,RF,0.7482359665684821
4,0.0,3810,LR,1.0
4,0.0,3810,LR,1.0
4,0.0,4010,CPF,0.9946572804511042
4,0.0,4010,RF,0.7495394389413286
4,0.0,4010,LR,1.0
4,0.0,4010,LR,1.0
4,0.0,4210,CPF,0.9955769221965038
4,0.0,4210,RF,0.7496698349154101
4,0.0,4210,LR,1.0
4,0.0,4210,LR,1.0
4,0.0,4410,CPF,0.9967072274862399
4,0.0,4410,RF,0.747224719380938
4,0.0,4410,LR,1.0
4,0.0,4410,LR,1.0
4,0.0,4610,CPF,0.9959747938594238
4,0.0,4610,RF,0.7511933689339962
4,0.0,4610,LR,1.0
4,0.0,4610,LR,1.0
4,0.0,4810,CPF,0.9962433558378428
4,0.0,4810,RF,0.7542451997103325
4,0.0,4810,LR,1.0
4,0.0,4810,LR,1.0
4,0.0,5010,CPF,0.9964329173399264
4,0.0,5010,RF,0.757095982498513
4,0.0,5010,LR,1.0
4,0.0,5010,LR,1.0
4,0.0,5210,CPF,0.9963901296843154
4,0.0,5210,RF,0.759272020556793
4,0.0,5210,LR,1.0
4,0.0,5210,LR,1.0
4,0.0,5410,CPF,0.9967236598319785
4,0.0,5410,RF,0.760242659878755
4,0.0,5410,LR,1.0
4,0.0,5410,LR,1.0
4,0.0,5610,CPF,0.9965465332622121
4,0.0,5610,RF,0.7574330126700503
4,0.0,5610,LR,1.0
4,0.0,5610,LR,1.0
4,0.0,5810,CPF,0.9955322387086247
4,0.0,5810,RF,0.7593382651942244
4,0.0,5810,LR,1.0
4,0.0,5810,LR,1.0
4,0.0,6010,CPF,0.9961348656274589
4,0.0,6010,RF,0.7632306352069609
4,0.0,6010,LR,1.0
4,0.0,6010,LR,1.0
4,0.1,10,CPF,0.15418378122677834
4,0.1,10,RF,0.15581561314923553
4,0.1,10,LR,0.6220864015371504
4,0.1,10,LR,0.6220864015371504
4,0.1,210,CPF,0.7876855490014019
4,0.1,210,RF,0.6048750840206254
4,0.1,210,LR,0.9980744860638069
4,0.1,210,LR,0.9980744860638069
4,0.1,410,CPF,0.904926926068459
4,0.1,410,RF,0.6502866369485528
4,0.1,410,LR,0.9982800370914207
4,0.1,410,LR,0.9982800370914207
4,0.1,610,CPF,0.9362700279170951
4,0.1,610,RF,0.677480321037614
4,0.1,610,LR,0.9983425208427869
4,0.1,610,LR,0.9983425208427869
4,0.1,810,CPF,0.9477841619992737
4,0.1,810,RF,0.7008735707151368
4,0.1,810,LR,0.9983648768355512
4,0.1,810,LR,0.9983648768355512
4,0.1,1010,CPF,0.9720989001783811
4,0.1,1010,RF,0.7076027516241743
4,0.1,1010,LR,0.9984013633162174
4,0.1,1010,LR,0.9984013633162174
4,0.1,1210,CPF,0.9807843408424635
4,0.1,1210,RF,0.7216378412029554
4,0.1,1210,LR,0.9984211746825384
4,0.1,1210,LR,0.9984211746825384
4,0.1,1410,CPF,0.9814775819916783
4,0.1,1410,RF,0.7225847485352124
4,0.1,1410,LR,0.9984280303687161
4,0.1,1410,LR,0.9984280303687161
4,0.1,1610,CPF,0.9864068559228469
4,0.1,1610,RF,0.7267799272627892
4,0.1,1610,LR,0.9984354558109199
4,0.1,1610,LR,0.9984354558109199
4,0.1,1810,CPF,0.9884464426249583
4,0.1,1810,RF,0.7347557195653871
4,0.1,1810,LR,0.9984386059591308
4,0.1,1810,LR,0.9984386059591308
4,0.1,2010,CPF,0.9877832187112955
4,0.1,2010,RF,0.7320638362141059
4,0.1,2010,LR,0.9984295330819146
4,0.1,2010,LR,0.9984295330819146
4,0.1,2210,CPF,0.9884803077596502
4,0.1,2210,RF,0.732311657542501
4,0.1,2210,LR,0.9984378872926063
4,0.1,2210,LR,0.9984378872926063
4,0.1,2410,CPF,0.9908095716961856
4,0.1,2410,RF,0.7419509151548246
4,0.1,2410,LR,0.9984309673808682
4,0.1,2410,LR,0.9984309673808682
4,0.1,2610,CPF,0.9920024566498599
4,0.1,2610,RF,0.7418295663485046
4,0.1,2610,LR,0.9984342143563848
4,0.1,2610,LR,0.9984342143563848
4,0.1,2810,CPF,0.9909563355710184
4,0.1,2810,RF,0.7459506293150409
4,0.1,2810,LR,0.9984378173716897
4,0.1,2810,LR,0.9984378173716897
4,0.1,3010,CPF,0.992493961458299
4,0.1,3010,RF,0.745958591443912
4,0.1,3010,LR,0.9984405442779051
4,0.1,3010,LR,0.9984405442779051
4,0.1,3210,CPF,0.992307418596553
4,0.1,3210,RF,0.7542459939626789
4,0.1,3210,LR,0.9984421429967829
4,0.1,3210,LR,0.9984421429967829
4,0.1,3410,CPF,0.9921964133901544
4,0.1,3410,RF,0.752458457553008
4,0.1,3410,LR,0.9984440984734804
4,0.1,3410,LR,0.9984440984734804
4,0.1,3610,CPF,0.9936401472022723
4,0.1,3610,RF,0.754797634172226
4,0.1,3610,LR,0.9984420261786264
4,0.1,3610,LR,0.9984420261786264
4,0.1,3810,CPF,0.9939653005341984
4,0.1,3810,RF,0.7596071238545711
4,0.1,3810,LR,0.9984440759042925
4,0.1,3810,LR,0.9984440759042925
4,0.1,4010,CPF,0.9947039109630164
4,0.1,4010,RF,0.7597328866358439
4,0.1,4010,LR,0.9984455889104468
4,0.1,4010,LR,0.9984455889104468
4,0.1,4210,CPF,0.9952281134500074
4,0.1,4210,RF,0.7623961516845779
4,0.1,4210,LR,0.998448287443969
4,0.1,4210,LR,0.998448287443969
4,0.1,4410,CPF,0.9951236148817726
4,0.1,4410,RF,0.7605036868111326
4,0.1,4410,LR,0.9984505048313328
4,0.1,4410,LR,0.9984505048313328
4,0.1,4610,CPF,0.995251531573841
4,0.1,4610,RF,0.7660656077256129
4,0.1,4610,LR,0.998452560391251
4,0.1,4610,LR,0.998452560391251
4,0.1,4810,CPF,0.9949717485589055
4,0.1,4810,RF,0.7647535662589815
4,0.1,4810,LR,0.998453613120071
4,0.1,4810,LR,0.998453613120071
4,0.1,5010,CPF,0.994403265708237
4,0.1,5010,RF,0.7713269368540543
4,0.1,5010,LR,0.9984536105142122
4,0.1,5010,LR,0.9984536105142122
4,0.1,5210,CPF,0.9950236110061992
4,0.1,5210,RF,0.7693244090971744
4,0.1,5210,LR,0.9984549298386709
4,0.1,5210,LR,0.9984549298386709
4,0.1,5410,CPF,0.9952550202450949
4,0.1,5410,RF,0.7730135259700688
4,0.1,5410,LR,0.9984535641747151
4,0.1,5410,LR,0.9984535641747151
4,0.1,5610,CPF,0.9954323120542209
4,0.1,5610,RF,0.7742135564140316
4,0.1,5610,LR,0.9984519469016974
4,0.1,5610,LR,0.9984519469016974
4,0.1,5810,CPF,0.9957763197413028
4,0.1,5810,RF,0.7745102564707689
4,0.1,5810,LR,0.9984533836518837
4,0.1,5810,LR,0.9984533836518837
4,0.1,6010,CPF,0.9961896645191352
4,0.1,6010,RF,0.7771484056974692
4,0.1,6010,LR,0.998457157674207
4,0.1,6010,LR,0.998457157674207
4,0.5,10,CPF,0.1590666994250356
4,0.5,10,RF,0.09398182115172182
4,0.5,10,LR,0.5143975411061712
4,0.5,10,LR,0.5143975411061712
4,0.5,210,CPF,0.7426919838143262
4,0.5,210,RF,0.5638872753016984
4,0.5,210,LR,0.9533708021983612
4,0.5,210,LR,0.9533708021983612
4,0.5,410,CPF,0.8419146514759429
4,0.5,410,RF,0.6188072606950056
4,0.5,410,LR,0.9583485275447087
4,0.5,410,LR,0.9583485275447087
4,0.5,610,CPF,0.8899986209204557
4,0.5,610,RF,0.650511285306294
4,0.5,610,LR,0.9598616649710736
4,0.5,610,LR,0.9598616649710736
4,0.5,810,CPF,0.9026784021868991
4,0.5,810,RF,0.6676877309031809
4,0.5,810,LR,0.9604030487487071
4,0.5,810,LR,0.9604030487487071
4,0.5,1010,CPF,0.9264599030672221
4,0.5,1010,RF,0.6756994090536722
4,0.5,1010,LR,0.9612866234100444
4,0.5,1010,LR,0.9612866234100444
4,0.5,1210,CPF,0.9372771998745564
4,0.5,1210,RF,0.6905054465702328
4,0.5,1210,LR,0.9617663852552005
4,0.5,1210,LR,0.9617663852552005
4,0.5,1410,CPF,0.9411489220361736
4,0.5,1410,RF,0.7006177725851506
4,0.5,1410,LR,0.9619324059423713
4,0.5,1410,LR,0.9619324059423713
4,0.5,1610,CPF,0.9452330937370028
4,0.5,1610,RF,0.7000847768031396
4,0.5,1610,LR,0.9621122241232611
4,0.5,1610,LR,0.9621122241232611
4,0.5,1810,CPF,0.9488756636509004
4,0.5,1810,RF,0.7025323929546727
4,0.5,1810,LR,0.9621885096703406
4,0.5,1810,LR,0.9621885096703406
4,0.5,2010,CPF,0.9455789204477786
4,0.5,2010,RF,0.7051721717306958
4,0.5,2010,LR,0.9619687963884009
4,0.5,2010,LR,0.9619687963884009
4,0.5,2210,CPF,0.9473037354763547
4,0.5,2210,RF,0.7097392455264131
4,0.5,2210,LR,0.9621711060863445
4,0.5,2210,LR,0.9621711060863445
4,0.5,2410,CPF,0.949474762895662
4,0.5,2410,RF,0.7140092858520839
4,0.5,2410,LR,0.9620035300812394
4,0.5,2410,LR,0.9620035300812394
4,0.5,2610,CPF,0.9497329033037891
4,0.5,2610,RF,0.7198342567166709
4,0.5,2610,LR,0.962082160446241
4,0.5,2610,LR,0.962082160446241
4,0.5,2810,CPF,0.9505485004534792
4,0.5,2810,RF,0.7233827222109483
4,0.5,2810,LR,0.9621694128468474
4,0.5,2810,LR,0.9621694128468474
4,0.5,3010,CPF,0.9508930864221976
4,0.5,3010,RF,0.7242675802418643
4,0.5,3010,LR,0.962235448956434
4,0.5,3010,LR,0.962235448956434
4,0.5,3210,CPF,0.9508980276491845
4,0.5,3210,RF,0.727376877054035
4,0.5,3210,LR,0.9622741643234768
4,0.5,3210,LR,0.9622741643234768
4,0.5,3410,CPF,0.9515902085302588
4,0.5,3410,RF,0.7310504553181676
4,0.5,3410,LR,0.9623215191143248
4,0.5,3410,LR,0.9623215191143248
4,0.5,3610,CPF,0.9535949066854827
4,0.5,3610,RF,0.7338609273537035
4,0.5,3610,LR,0.962271335397223
4,0.5,3610,LR,0.962271335397223
4,0.5,3810,CPF,0.9539166150418528
4,0.5,3810,RF,0.7353134996436486
4,0.5,3810,LR,0.9623209725677075
4,0.5,3810,LR,0.9623209725677075
4,0.5,4010,CPF,0.9548673415301692
4,0.5,4010,RF,0.7357693755379344
4,0.5,4010,LR,0.9623576122730446
4,0.5,4010,LR,0.9623576122730446
4,0.5,4210,CPF,0.9549980786267478
4,0.5,4210,RF,0.7392001303289117
4,0.5,4210,LR,0.9624229612954601
4,0.5,4210,LR,0.9624229612954601
4,0.5,4410,CPF,0.9556359465086585
4,0.5,4410,RF,0.738507450690495
4,0.5,4410,LR,0.962476658644541
4,0.5,4410,LR,0.962476658644541
4,0.5,4610,CPF,0.9560790682420655
4,0.5,4610,RF,0.7425752835834574
4,0.5,4610,LR,0.9625264371001615
4,0.5,4610,LR,0.9625264371001615
4,0.5,4810,CPF,0.956837210673041
4,0.5,4810,RF,0.7436901204748858
4,0.5,4810,LR,0.9625519305019254
4,0.5,4810,LR,0.9625519305019254
4,0.5,5010,CPF,0.9555154442221444
4,0.5,5010,RF,0.7430581176287899
4,0.5,5010,LR,0.9625518673971611
4,0.5,5010,LR,0.9625518673971611
4,0.5,5210,CPF,0.9562864204852999
4,0.5,5210,RF,0.7439137584500887
4,0.5,5210,LR,0.9625838168107657
4,0.5,5210,LR,0.9625838168107657
4,0.5,5410,CPF,0.9570169805285673
4,0.5,5410,RF,0.7443019131850683
4,0.5,5410,LR,0.9625507452169797
4,0.5,5410,LR,0.9625507452169797
4,0.5,5610,CPF,0.9571313817410437
4,0.5,5610,RF,0.7450362265363775
4,0.5,5610,LR,0.962511580533711
4,0.5,5610,LR,0.962511580533711
4,0.5,5810,CPF,0.9575351018670308
4,0.5,5810,RF,0.7461319654766524
4,0.5,5810,LR,0.9625463735868147
4,0.5,5810,LR,0.9625463735868147
4,0.5,6010,CPF,0.9574771791634304
4,0.5,6010,RF,0.7492390287947295
4,0.5,6010,LR,0.9626377671779532
4,0.5,6010,LR,0.9626377671779532
4,1.0,10,CPF,0.1041803487462224
4,1.0,10,RF,0.057257654183375584
4,1.0,10,LR,0.30776311630316033
4,1.0,10,LR,0.30776311630316033
4,1.0,210,CPF,0.6174430672588624
4,1.0,210,RF,0.4862013278400654
4,1.0,210,LR,0.8313203186164049
4,1.0,210,LR,0.8313203186164049
4,1.0,410,CPF,0.7262333265050531
4,1.0,410,RF,0.551355694314866
4,1.0,410,LR,0.8493270861573944
4,1.0,410,LR,0.8493270861573944
4,1.0,610,CPF,0.7614301999851275
4,1.0,610,RF,0.5775937367150783
4,1.0,610,LR,0.8548008140146613
4,1.0,610,LR,0.8548008140146613
4,1.0,810,CPF,0.7852026192180208
4,1.0,810,RF,0.5934015805290143
4,1.0,810,LR,0.8567592530919522
4,1.0,810,LR,0.8567592530919522
4,1.0,1010,CPF,0.8174616284728455
4,1.0,1010,RF,0.604875558739177
4,1.0,1010,LR,0.8599555571113144
4,1.0,1010,LR,0.8599555571113144
4,1.0,1210,CPF,0.8256623784221415
4,1.0,1210,RF,0.6292595239735028
4,1.0,1210,LR,0.8616910807530718
4,1.0,1210,LR,0.8616910807530718
4,1.0,1410,CPF,0.832817707342847
4,1.0,1410,RF,0.6319182719214967
4,1.0,1410,LR,0.8622916554559472
4,1.0,1410,LR,0.8622916554559472
4,1.0,1610,CPF,0.8353104042210469
4,1.0,1610,RF,0.6378923366305109
4,1.0,1610,LR,0.8629421421657664
4,1.0,1610,LR,0.8629421421657664
4,1.0,1810,CPF,0.8419599755364974
4,1.0,1810,RF,0.637267358413615
4,1.0,1810,LR,0.863218102773759
4,1.0,1810,LR,0.863218102773759
4,1.0,2010,CPF,0.8394219461860156
4,1.0,2010,RF,0.6431833322294653
4,1.0,2010,LR,0.8624232967693536
4,1.0,2010,LR,0.8624232967693536
4,1.0,2210,CPF,0.8414235986237
4,1.0,2210,RF,0.6401339584300201
4,1.0,2210,LR,0.8631551458467301
4,1.0,2210,LR,0.8631551458467301
4,1.0,2410,CPF,0.8397272438847058
4,1.0,2410,RF,0.6441852967835963
4,1.0,2410,LR,0.8625489448293139
4,1.0,2410,LR,0.8625489448293139
4,1.0,2610,CPF,0.8419692915996546
4,1.0,2610,RF,0.6476844541735908
4,1.0,2610,LR,0.8628333877436432
4,1.0,2610,LR,0.8628333877436432
4,1.0,2810,CPF,0.8419496774373119
4,1.0,2810,RF,0.6526540791111459
4,1.0,2810,LR,0.8631490206052002
4,1.0,2810,LR,0.8631490206052002
4,1.0,3010,CPF,0.8443756039140478
4,1.0,3010,RF,0.652928820252423
4,1.0,3010,LR,0.8633879041899504
4,1.0,3010,LR,0.8633879041899504
4,1.0,3210,CPF,0.8438557806934084
4,1.0,3210,RF,0.6598264838492658
4,1.0,3210,LR,0.8635279558332406
4,1.0,3210,LR,0.8635279558332406
4,1.0,3410,CPF,0.8455477172924811
4,1.0,3410,RF,0.6587922497111317
4,1.0,3410,LR,0.8636992603250359
4,1.0,3410,LR,0.8636992603250359
4,1.0,3610,CPF,0.8476224799766188
4,1.0,3610,RF,0.6666881444936144
4,1.0,3610,LR,0.8635177222799811
4,1.0,3610,LR,0.8635177222799811
4,1.0,3810,CPF,0.8487405643008081
4,1.0,3810,RF,0.6662113168077486
4,1.0,3810,LR,0.8636972832095459
4,1.0,3810,LR,0.8636972832095459
4,1.0,4010,CPF,0.8486003518540635
4,1.0,4010,RF,0.6663714467559871
4,1.0,4010,LR,0.8638298262107902
4,1.0,4010,LR,0.8638298262107902
4,1.0,4210,CPF,0.8498400631493985
4,1.0,4210,RF,0.6684475561569586
4,1.0,4210,LR,0.8640662242789419
4,1.0,4210,LR,0.8640662242789419
4,1.0,4410,CPF,0.8510504407689562
4,1.0,4410,RF,0.6694405199570947
4,1.0,4410,LR,0.864260472779048
4,1.0,4410,LR,0.864260472779048
4,1.0,4610,CPF,0.8506766414232845
4,1.0,4610,RF,0.6710937447044893
4,1.0,4610,LR,0.8644405448032236
4,1.0,4610,LR,0.8644405448032236
4,1.0,4810,CPF,0.8530110755147627
4,1.0,4810,RF,0.6675003914028786
4,1.0,4810,LR,0.8645327663959093
4,1.0,4810,LR,0.8645327663959093
4,1.0,5010,CPF,0.8523073400835279
4,1.0,5010,RF,0.6733929669820147
4,1.0,5010,LR,0.8645325381163755
4,1.0,5010,LR,0.8645325381163755
4,1.0,5210,CPF,0.8532559536781839
4,1.0,5210,RF,0.6701321418998608
4,1.0,5210,LR,0.8646481141322899
4,1.0,5210,LR,0.8646481141322899
4,1.0,5410,CPF,0.8527568849598878
4,1.0,5410,RF,0.6694924980746859
4,1.0,5410,LR,0.8645284786642644
4,1.0,5410,LR,0.8645284786642644
4,1.0,5610,CPF,0.8536736842607532
4,1.0,5610,RF,0.6723125879166176
4,1.0,5610,LR,0.8643868016334189
4,1.0,5610,LR,0.8643868016334189
4,1.0,5810,CPF,0.8542774103631194
4,1.0,5810,RF,0.6742826903438169
4,1.0,5810,LR,0.8645126644273031
4,1.0,5810,LR,0.8645126644273031
4,1.0,6010,CPF,0.8547476069522769
4,1.0,6010,RF,0.6777404756478009
4,1.0,6010,LR,0.8648432779175743
4,1.0,6010,LR,0.8648432779175743
