id,name,n_samples,n_features,rows_removed,cols_removed,fold,model,r2,fit_duration,predict_duration
1,Abalone,4177,8,0,0,1,CART,0.14871757998206636,0.01507711410522461,0.0008788108825683594
1,Abalone,4177,8,0,0,1,CPILOT,0.5067922179335875,0.04663538932800293,6.580352783203125e-05
1,Abalone,4177,8,0,0,1,RF,0.5346397136231749,0.9336068630218506,0.009861946105957031
1,Abalone,4177,8,0,0,1,CPF,0.5345167197492744,4.02791690826416,0.002254962921142578
1,Abalone,4177,8,0,0,1,CPF - alpha = 0.01,0.5353766523265255,8.629983901977539,0.02037644386291504
1,Abalone,4177,8,0,0,1,XGB,0.45921394682474714,0.07170557975769043,0.002335786819458008
1,Abalone,4177,8,0,0,2,CART,0.08891124633324443,0.017676115036010742,0.0008578300476074219
1,Abalone,4177,8,0,0,2,CPILOT,0.4950383421909962,0.050521135330200195,7.05718994140625e-05
1,Abalone,4177,8,0,0,2,RF,0.4934214526412761,0.9680993556976318,0.009676456451416016
1,Abalone,4177,8,0,0,2,CPF,0.5231558758851349,4.4514241218566895,0.002800464630126953
1,Abalone,4177,8,0,0,2,CPF - alpha = 0.01,0.5019430337558268,9.027891159057617,0.019475221633911133
1,Abalone,4177,8,0,0,2,XGB,0.4237061430966603,0.06576967239379883,0.0018150806427001953
1,Abalone,4177,8,0,0,3,CART,0.2613330414149364,0.015636205673217773,0.0008347034454345703
1,Abalone,4177,8,0,0,3,CPILOT,0.5247893529011423,0.045105934143066406,6.031990051269531e-05
1,Abalone,4177,8,0,0,3,RF,0.5654975562312743,0.9731557369232178,0.012883424758911133
1,Abalone,4177,8,0,0,3,CPF,0.5439082777103514,4.456454038619995,0.0024566650390625
1,Abalone,4177,8,0,0,3,CPF - alpha = 0.01,0.5615962539663839,8.955420732498169,0.01947808265686035
1,Abalone,4177,8,0,0,3,XGB,0.515938414212985,0.05176091194152832,0.0013480186462402344
1,Abalone,4177,8,0,0,4,CART,0.0940284731256823,0.016080379486083984,0.0007755756378173828
1,Abalone,4177,8,0,0,4,CPILOT,0.562921569357741,0.05655550956726074,6.866455078125e-05
1,Abalone,4177,8,0,0,4,RF,0.547006416746396,0.9368393421173096,0.009749412536621094
1,Abalone,4177,8,0,0,4,CPF,0.5605661601800891,4.196544647216797,0.002605915069580078
1,Abalone,4177,8,0,0,4,CPF - alpha = 0.01,0.5553123310251714,8.76758074760437,0.019812345504760742
1,Abalone,4177,8,0,0,4,XGB,0.5222583849240077,0.060312509536743164,0.0013887882232666016
1,Abalone,4177,8,0,0,5,CART,0.011393620739740928,0.016136884689331055,0.0007486343383789062
1,Abalone,4177,8,0,0,5,CPILOT,0.5062983411307953,0.0399782657623291,6.29425048828125e-05
1,Abalone,4177,8,0,0,5,RF,0.5413000007044384,0.9932496547698975,0.011342287063598633
1,Abalone,4177,8,0,0,5,CPF,0.5440732270244484,4.1094114780426025,0.002508401870727539
1,Abalone,4177,8,0,0,5,CPF - alpha = 0.01,0.5419515723707958,8.898803472518921,0.022337913513183594
1,Abalone,4177,8,0,0,5,XGB,0.501999575242986,0.09391570091247559,0.0015568733215332031
9,Auto MPG,392,7,6,0,1,CART,0.7629436635936453,0.0015437602996826172,0.0005297660827636719
9,Auto MPG,392,7,6,0,1,CPILOT,0.8034881958999932,0.003771066665649414,3.314018249511719e-05
9,Auto MPG,392,7,6,0,1,RF,0.8976799808271554,0.08934545516967773,0.002426624298095703
9,Auto MPG,392,7,6,0,1,CPF,0.8508983783752131,0.24469304084777832,0.0006759166717529297
9,Auto MPG,392,7,6,0,1,CPF - alpha = 0.01,0.88906225571587,0.32218074798583984,0.001836538314819336
9,Auto MPG,392,7,6,0,1,XGB,0.8855816267801597,0.047197818756103516,0.0014801025390625
9,Auto MPG,392,7,6,0,2,CART,0.7349522274302975,0.0021185874938964844,0.0007185935974121094
9,Auto MPG,392,7,6,0,2,CPILOT,0.8492236892917121,0.003975629806518555,4.76837158203125e-05
9,Auto MPG,392,7,6,0,2,RF,0.8614563218716367,0.09051060676574707,0.002518892288208008
9,Auto MPG,392,7,6,0,2,CPF,0.8571806225204908,0.2616539001464844,0.0008373260498046875
9,Auto MPG,392,7,6,0,2,CPF - alpha = 0.01,0.8547942948786849,0.36517786979675293,0.0018868446350097656
9,Auto MPG,392,7,6,0,2,XGB,0.8459748265119857,0.056401968002319336,0.0018849372863769531
9,Auto MPG,392,7,6,0,3,CART,0.7340791278361146,0.0021266937255859375,0.0007417201995849609
9,Auto MPG,392,7,6,0,3,CPILOT,0.821711352990993,0.0036325454711914062,5.054473876953125e-05
9,Auto MPG,392,7,6,0,3,RF,0.8398910825319871,0.09472155570983887,0.004366874694824219
9,Auto MPG,392,7,6,0,3,CPF,0.8453635535279209,0.2868494987487793,0.0007891654968261719
9,Auto MPG,392,7,6,0,3,CPF - alpha = 0.01,0.858808343243915,0.33933305740356445,0.0017936229705810547
9,Auto MPG,392,7,6,0,3,XGB,0.8496937863424256,0.04280209541320801,0.001482248306274414
9,Auto MPG,392,7,6,0,4,CART,0.7689558145598624,0.0021467208862304688,0.0007555484771728516
9,Auto MPG,392,7,6,0,4,CPILOT,0.8702020370093935,0.004072666168212891,4.5299530029296875e-05
9,Auto MPG,392,7,6,0,4,RF,0.9021877551576791,0.09268903732299805,0.0026693344116210938
9,Auto MPG,392,7,6,0,4,CPF,0.8943805848608102,0.23918747901916504,0.0007500648498535156
9,Auto MPG,392,7,6,0,4,CPF - alpha = 0.01,0.8991648355480136,0.32423853874206543,0.002025127410888672
9,Auto MPG,392,7,6,0,4,XGB,0.8748878898605418,0.034368038177490234,0.001203775405883789
9,Auto MPG,392,7,6,0,5,CART,0.7231164043353431,0.0017101764678955078,0.0005717277526855469
9,Auto MPG,392,7,6,0,5,CPILOT,0.8617730453675169,0.00354766845703125,1.8596649169921875e-05
9,Auto MPG,392,7,6,0,5,RF,0.8889684283150857,0.09044766426086426,0.0024971961975097656
9,Auto MPG,392,7,6,0,5,CPF,0.8860118749277986,0.2571437358856201,0.0006728172302246094
9,Auto MPG,392,7,6,0,5,CPF - alpha = 0.01,0.8876490964742629,0.3274505138397217,0.0016870498657226562
9,Auto MPG,392,7,6,0,5,XGB,0.8572705284485418,0.03388190269470215,0.0012247562408447266
10,Automobile,159,25,46,0,1,CART,0.7232202262142382,0.0018324851989746094,0.0007724761962890625
10,Automobile,159,25,46,0,1,CPILOT,0.6306944151107515,0.00417780876159668,2.7894973754882812e-05
10,Automobile,159,25,46,0,1,RF,0.7578773120425815,0.07309961318969727,0.002305746078491211
10,Automobile,159,25,46,0,1,CPF,0.8327471244116045,0.3203580379486084,0.0009148120880126953
10,Automobile,159,25,46,0,1,CPF - alpha = 0.01,0.8192597720306068,0.25989627838134766,0.0009534358978271484
10,Automobile,159,25,46,0,1,XGB,0.7809989794407617,0.023026466369628906,0.0010743141174316406
10,Automobile,159,25,46,0,2,CART,0.35709656513285803,0.0015780925750732422,0.0006809234619140625
10,Automobile,159,25,46,0,2,CPILOT,0.0013538044470883248,0.004180192947387695,2.2172927856445312e-05
10,Automobile,159,25,46,0,2,RF,0.5316697342838625,0.07378339767456055,0.0020973682403564453
10,Automobile,159,25,46,0,2,CPF,0.44771073402311123,0.27912187576293945,0.0008649826049804688
10,Automobile,159,25,46,0,2,CPF - alpha = 0.01,0.4443604773322064,0.25550150871276855,0.0009388923645019531
10,Automobile,159,25,46,0,2,XGB,0.38836031475904653,0.02325129508972168,0.0010917186737060547
10,Automobile,159,25,46,0,3,CART,0.8943894389438944,0.0015668869018554688,0.0006914138793945312
10,Automobile,159,25,46,0,3,CPILOT,0.6821556780840864,0.005022287368774414,1.8596649169921875e-05
10,Automobile,159,25,46,0,3,RF,0.916393399339934,0.0729360580444336,0.0021016597747802734
10,Automobile,159,25,46,0,3,CPF,0.8402581618501884,0.28135180473327637,0.0008687973022460938
10,Automobile,159,25,46,0,3,CPF - alpha = 0.01,0.8537864993183255,0.2543153762817383,0.00099945068359375
10,Automobile,159,25,46,0,3,XGB,0.9250366294693018,0.02357339859008789,0.0010957717895507812
10,Automobile,159,25,46,0,4,CART,0.024390243902439046,0.0015342235565185547,0.0006761550903320312
10,Automobile,159,25,46,0,4,CPILOT,0.15391504066514072,0.005978822708129883,2.5510787963867188e-05
10,Automobile,159,25,46,0,4,RF,0.5936,0.07200336456298828,0.0023331642150878906
10,Automobile,159,25,46,0,4,CPF,0.44638671788240714,0.30765366554260254,0.0008795261383056641
10,Automobile,159,25,46,0,4,CPF - alpha = 0.01,0.5622339492162552,0.25049304962158203,0.0010793209075927734
10,Automobile,159,25,46,0,4,XGB,0.49167393283713534,0.02433013916015625,0.0010764598846435547
10,Automobile,159,25,46,0,5,CART,0.8566710700132101,0.0015997886657714844,0.0006821155548095703
10,Automobile,159,25,46,0,5,CPILOT,0.7201110086335556,0.00489354133605957,1.9311904907226562e-05
10,Automobile,159,25,46,0,5,RF,0.8112009907529723,0.07169747352600098,0.0020644664764404297
10,Automobile,159,25,46,0,5,CPF,0.7801729780468443,0.29920101165771484,0.0013477802276611328
10,Automobile,159,25,46,0,5,CPF - alpha = 0.01,0.7732010024670835,0.28075337409973145,0.0011334419250488281
10,Automobile,159,25,46,0,5,XGB,0.7734855532185352,0.06341338157653809,0.0012087821960449219
60,Liver Disorders,345,5,0,0,1,CART,-1.6164573446857213,0.0017995834350585938,0.0007300376892089844
60,Liver Disorders,345,5,0,0,1,CPILOT,0.04288415812902002,0.00142669677734375,1.5735626220703125e-05
60,Liver Disorders,345,5,0,0,1,RF,0.14999088635444302,0.08422327041625977,0.0026731491088867188
60,Liver Disorders,345,5,0,0,1,CPF,0.10897618065284231,0.12152433395385742,0.0005128383636474609
60,Liver Disorders,345,5,0,0,1,CPF - alpha = 0.01,0.10737097117159378,0.28279542922973633,0.0016973018646240234
60,Liver Disorders,345,5,0,0,1,XGB,0.0009818409852839771,0.1191105842590332,0.0035333633422851562
60,Liver Disorders,345,5,0,0,2,CART,-1.1523648648648646,0.0017876625061035156,0.0005645751953125
60,Liver Disorders,345,5,0,0,2,CPILOT,0.13911034011871504,0.0013763904571533203,1.1444091796875e-05
60,Liver Disorders,345,5,0,0,2,RF,-0.010242136327503815,0.0862131118774414,0.0026466846466064453
60,Liver Disorders,345,5,0,0,2,CPF,0.08362325969103679,0.12635517120361328,0.00047278404235839844
60,Liver Disorders,345,5,0,0,2,CPF - alpha = 0.01,-0.0008221033961690605,0.23690152168273926,0.0017344951629638672
60,Liver Disorders,345,5,0,0,2,XGB,-0.3078581058860501,0.04369544982910156,0.0014910697937011719
60,Liver Disorders,345,5,0,0,3,CART,-2.291993205420221,0.0021097660064697266,0.0007262229919433594
60,Liver Disorders,345,5,0,0,3,CPILOT,0.21981487691155,0.0015106201171875,2.2411346435546875e-05
60,Liver Disorders,345,5,0,0,3,RF,0.23430320233177637,0.08217358589172363,0.0024623870849609375
60,Liver Disorders,345,5,0,0,3,CPF,0.2606049477319008,0.0970773696899414,0.0004723072052001953
60,Liver Disorders,345,5,0,0,3,CPF - alpha = 0.01,0.181301144381936,0.239393949508667,0.0014102458953857422
60,Liver Disorders,345,5,0,0,3,XGB,0.001830557374515207,0.030156850814819336,0.0011641979217529297
60,Liver Disorders,345,5,0,0,4,CART,-0.973814864458243,0.0015635490417480469,0.0005779266357421875
60,Liver Disorders,345,5,0,0,4,CPILOT,-0.3070400152419064,0.0019521713256835938,1.4066696166992188e-05
60,Liver Disorders,345,5,0,0,4,RF,-0.0591005484585716,0.0783684253692627,0.0025331974029541016
60,Liver Disorders,345,5,0,0,4,CPF,-0.016111325264202225,0.1045219898223877,0.00048422813415527344
60,Liver Disorders,345,5,0,0,4,CPF - alpha = 0.01,-0.013616792199288907,0.23514747619628906,0.0015060901641845703
60,Liver Disorders,345,5,0,0,4,XGB,-0.1645131339050141,0.03128552436828613,0.007046937942504883
60,Liver Disorders,345,5,0,0,5,CART,-0.12432500153408732,0.0015094280242919922,0.0005476474761962891
60,Liver Disorders,345,5,0,0,5,CPILOT,0.19257362534353495,0.0014026165008544922,1.2636184692382812e-05
60,Liver Disorders,345,5,0,0,5,RF,0.2609932789073207,0.07719612121582031,0.002383708953857422
60,Liver Disorders,345,5,0,0,5,CPF,0.2242503034963932,0.09824991226196289,0.0004532337188720703
60,Liver Disorders,345,5,0,0,5,CPF - alpha = 0.01,0.24560467481903314,0.23314189910888672,0.0015933513641357422
60,Liver Disorders,345,5,0,0,5,XGB,0.22126190896194697,0.03150320053100586,0.0011928081512451172
87,Servo,167,4,0,0,1,CART,0.7790217647759505,0.0014853477478027344,0.0008733272552490234
87,Servo,167,4,0,0,1,CPILOT,0.6851821101630522,0.0002803802490234375,2.765655517578125e-05
87,Servo,167,4,0,0,1,RF,0.8506856537933872,0.0509190559387207,0.002468585968017578
87,Servo,167,4,0,0,1,CPF,0.7129190528727469,0.01895308494567871,0.0006794929504394531
87,Servo,167,4,0,0,1,CPF - alpha = 0.01,0.7301503128905698,0.03844594955444336,0.0011506080627441406
87,Servo,167,4,0,0,1,XGB,0.7985439880551073,0.04156613349914551,0.0011675357818603516
87,Servo,167,4,0,0,2,CART,0.887743019911678,0.0011150836944580078,0.0005335807800292969
87,Servo,167,4,0,0,2,CPILOT,0.6995991884997417,0.00017714500427246094,1.049041748046875e-05
87,Servo,167,4,0,0,2,RF,0.9482532322969011,0.053926944732666016,0.0023398399353027344
87,Servo,167,4,0,0,2,CPF,0.8507840199376044,0.018125295639038086,0.000644683837890625
87,Servo,167,4,0,0,2,CPF - alpha = 0.01,0.9158180970723124,0.04048800468444824,0.0009467601776123047
87,Servo,167,4,0,0,2,XGB,0.9717435331347787,0.026264667510986328,0.0011484622955322266
87,Servo,167,4,0,0,3,CART,0.7787490874145814,0.0010967254638671875,0.0005447864532470703
87,Servo,167,4,0,0,3,CPILOT,0.7163312794012863,0.00019550323486328125,1.049041748046875e-05
87,Servo,167,4,0,0,3,RF,0.8898476796066486,0.055736541748046875,0.002377748489379883
87,Servo,167,4,0,0,3,CPF,0.8368214917269472,0.020264148712158203,0.0008656978607177734
87,Servo,167,4,0,0,3,CPF - alpha = 0.01,0.8938895509624464,0.053492069244384766,0.0010211467742919922
87,Servo,167,4,0,0,3,XGB,0.8448213059166351,0.05639243125915527,0.0014493465423583984
87,Servo,167,4,0,0,4,CART,0.9832308159657008,0.0013496875762939453,0.0007393360137939453
87,Servo,167,4,0,0,4,CPILOT,0.6337457390579726,0.0002048015594482422,1.621246337890625e-05
87,Servo,167,4,0,0,4,RF,0.9147162803821747,0.05665922164916992,0.002111673355102539
87,Servo,167,4,0,0,4,CPF,0.8225784345210292,0.01756143569946289,0.0006320476531982422
87,Servo,167,4,0,0,4,CPF - alpha = 0.01,0.9287540353610808,0.04326200485229492,0.001132965087890625
87,Servo,167,4,0,0,4,XGB,0.9690744013560987,0.04775428771972656,0.0012552738189697266
87,Servo,167,4,0,0,5,CART,0.8132637608744786,0.001087188720703125,0.00052642822265625
87,Servo,167,4,0,0,5,CPILOT,0.5773147891003423,0.00023365020751953125,1.0728836059570312e-05
87,Servo,167,4,0,0,5,RF,0.8606835536305324,0.05505704879760742,0.0023605823516845703
87,Servo,167,4,0,0,5,CPF,0.816375845537912,0.019667387008666992,0.0006361007690429688
87,Servo,167,4,0,0,5,CPF - alpha = 0.01,0.867364121559236,0.04054856300354004,0.0010027885437011719
87,Servo,167,4,0,0,5,XGB,0.8888095734677023,0.029979944229125977,0.001819610595703125
162,Forest Fires,517,12,0,0,1,CART,-1.2028000457055552,0.0029153823852539062,0.0007317066192626953
162,Forest Fires,517,12,0,0,1,CPILOT,-0.0006198048100358733,0.0014331340789794922,1.2874603271484375e-05
162,Forest Fires,517,12,0,0,1,RF,-0.03297616895258759,0.16671228408813477,0.0027604103088378906
162,Forest Fires,517,12,0,0,1,CPF,0.004422347726736442,0.18999290466308594,0.00046944618225097656
162,Forest Fires,517,12,0,0,1,CPF - alpha = 0.01,-0.06313824705490911,0.8174271583557129,0.0024118423461914062
162,Forest Fires,517,12,0,0,1,XGB,-0.22564921124136994,0.04117584228515625,0.0012028217315673828
162,Forest Fires,517,12,0,0,2,CART,-0.7467351983913295,0.0030858516693115234,0.0008273124694824219
162,Forest Fires,517,12,0,0,2,CPILOT,-2.0929553343762564e-06,0.001680612564086914,4.506111145019531e-05
162,Forest Fires,517,12,0,0,2,RF,-0.10652260686608161,0.16904211044311523,0.002764463424682617
162,Forest Fires,517,12,0,0,2,CPF,0.001645655426922854,0.19362616539001465,0.00047516822814941406
162,Forest Fires,517,12,0,0,2,CPF - alpha = 0.01,-0.09501355914151843,0.8042371273040771,0.0024862289428710938
162,Forest Fires,517,12,0,0,2,XGB,-0.33588002883825063,0.28061413764953613,0.019673585891723633
162,Forest Fires,517,12,0,0,3,CART,-1.5022176172624353,0.0041120052337646484,0.001271963119506836
162,Forest Fires,517,12,0,0,3,CPILOT,-0.0019331956943431372,0.0020520687103271484,4.673004150390625e-05
162,Forest Fires,517,12,0,0,3,RF,-0.2188265652113699,0.1837306022644043,0.002977609634399414
162,Forest Fires,517,12,0,0,3,CPF,-0.0007054701159825427,0.24357390403747559,0.0005922317504882812
162,Forest Fires,517,12,0,0,3,CPF - alpha = 0.01,-0.2291792626225131,0.8155910968780518,0.0022568702697753906
162,Forest Fires,517,12,0,0,3,XGB,-0.4633068175566808,0.05157661437988281,0.0015187263488769531
162,Forest Fires,517,12,0,0,4,CART,-0.527421777792987,0.0037758350372314453,0.000858306884765625
162,Forest Fires,517,12,0,0,4,CPILOT,-0.0021005774016542578,0.0019450187683105469,2.8133392333984375e-05
162,Forest Fires,517,12,0,0,4,RF,-0.05960831049766435,0.16969871520996094,0.0027740001678466797
162,Forest Fires,517,12,0,0,4,CPF,0.0011089904941598006,0.22914910316467285,0.0005803108215332031
162,Forest Fires,517,12,0,0,4,CPF - alpha = 0.01,-0.052357014335231655,0.7853024005889893,0.0024895668029785156
162,Forest Fires,517,12,0,0,4,XGB,-0.17770268827602598,0.0416257381439209,0.0012204647064208984
162,Forest Fires,517,12,0,0,5,CART,-1.9017166120956053,0.0039310455322265625,0.001004934310913086
162,Forest Fires,517,12,0,0,5,CPILOT,-0.01855460196184522,0.0014736652374267578,2.6941299438476562e-05
162,Forest Fires,517,12,0,0,5,RF,-0.17034810367316489,0.1608572006225586,0.0027108192443847656
162,Forest Fires,517,12,0,0,5,CPF,-0.02133550054150901,0.20013761520385742,0.0005333423614501953
162,Forest Fires,517,12,0,0,5,CPF - alpha = 0.01,-0.18865963972195443,0.8294241428375244,0.0025131702423095703
162,Forest Fires,517,12,0,0,5,XGB,-0.5045258489987179,0.04611468315124512,0.0013806819915771484
165,Concrete Compressive Strength,1030,8,0,0,1,CART,0.8363850248613636,0.003973484039306641,0.0007915496826171875
165,Concrete Compressive Strength,1030,8,0,0,1,CPILOT,0.8338590823550289,0.019596099853515625,4.601478576660156e-05
165,Concrete Compressive Strength,1030,8,0,0,1,RF,0.8755260780367073,0.20668649673461914,0.0036978721618652344
165,Concrete Compressive Strength,1030,8,0,0,1,CPF,0.8856142860779945,1.4788596630096436,0.0019898414611816406
165,Concrete Compressive Strength,1030,8,0,0,1,CPF - alpha = 0.01,0.9121790111456718,1.4290132522583008,0.004239082336425781
165,Concrete Compressive Strength,1030,8,0,0,1,XGB,0.9176563827108167,0.042189836502075195,0.0012581348419189453
165,Concrete Compressive Strength,1030,8,0,0,2,CART,0.8454860073056243,0.003941535949707031,0.000640869140625
165,Concrete Compressive Strength,1030,8,0,0,2,CPILOT,0.8269571572603546,0.02165365219116211,5.125999450683594e-05
165,Concrete Compressive Strength,1030,8,0,0,2,RF,0.9075930179974506,0.2025606632232666,0.0036084651947021484
165,Concrete Compressive Strength,1030,8,0,0,2,CPF,0.8651467024165174,1.3939487934112549,0.0018901824951171875
165,Concrete Compressive Strength,1030,8,0,0,2,CPF - alpha = 0.01,0.8864724963031688,1.3685734272003174,0.004044532775878906
165,Concrete Compressive Strength,1030,8,0,0,2,XGB,0.9211945405836669,0.04300379753112793,0.0012998580932617188
165,Concrete Compressive Strength,1030,8,0,0,3,CART,0.88077756923906,0.004004001617431641,0.0006396770477294922
165,Concrete Compressive Strength,1030,8,0,0,3,CPILOT,0.8446207179785977,0.019659757614135742,5.1021575927734375e-05
165,Concrete Compressive Strength,1030,8,0,0,3,RF,0.9114774337141213,0.20707130432128906,0.003721475601196289
165,Concrete Compressive Strength,1030,8,0,0,3,CPF,0.8860317805952205,1.521216630935669,0.0018486976623535156
165,Concrete Compressive Strength,1030,8,0,0,3,CPF - alpha = 0.01,0.906995986784851,1.3503060340881348,0.004210472106933594
165,Concrete Compressive Strength,1030,8,0,0,3,XGB,0.9222784238549564,0.04204058647155762,0.0012638568878173828
165,Concrete Compressive Strength,1030,8,0,0,4,CART,0.8505519095193329,0.0038144588470458984,0.0006196498870849609
165,Concrete Compressive Strength,1030,8,0,0,4,CPILOT,0.8479034578246538,0.01974773406982422,4.8160552978515625e-05
165,Concrete Compressive Strength,1030,8,0,0,4,RF,0.914296857004817,0.2108619213104248,0.003841400146484375
165,Concrete Compressive Strength,1030,8,0,0,4,CPF,0.8924516655140311,1.4881048202514648,0.0018851757049560547
165,Concrete Compressive Strength,1030,8,0,0,4,CPF - alpha = 0.01,0.9140822519897694,1.3391070365905762,0.004035472869873047
165,Concrete Compressive Strength,1030,8,0,0,4,XGB,0.9326733929230901,0.04169654846191406,0.0012934207916259766
165,Concrete Compressive Strength,1030,8,0,0,5,CART,0.8677769602072029,0.003934621810913086,0.0006966590881347656
165,Concrete Compressive Strength,1030,8,0,0,5,CPILOT,0.8218387230649109,0.020883798599243164,4.4345855712890625e-05
165,Concrete Compressive Strength,1030,8,0,0,5,RF,0.9230925411315227,0.21465063095092773,0.0037496089935302734
165,Concrete Compressive Strength,1030,8,0,0,5,CPF,0.891609094905071,1.428603172302246,0.0016629695892333984
165,Concrete Compressive Strength,1030,8,0,0,5,CPF - alpha = 0.01,0.9310045489003654,1.3707880973815918,0.003946781158447266
165,Concrete Compressive Strength,1030,8,0,0,5,XGB,0.9330248185116228,0.04229235649108887,0.001318216323852539
183,Communities and Crime,1993,100,1,22,1,CART,0.3336666595251744,0.07705855369567871,0.0009138584136962891
183,Communities and Crime,1993,100,1,22,1,CPILOT,0.6050105511083423,0.22513628005981445,0.00010943412780761719
183,Communities and Crime,1993,100,1,22,1,RF,0.6248568635962748,4.6048572063446045,0.006295680999755859
183,Communities and Crime,1993,100,1,22,1,CPF,0.6553259761923285,26.962250232696533,0.005373239517211914
183,Communities and Crime,1993,100,1,22,1,CPF - alpha = 0.01,0.6467814564120582,32.10816717147827,0.010987043380737305
183,Communities and Crime,1993,100,1,22,1,XGB,0.5864378425555692,0.1731572151184082,0.0014958381652832031
183,Communities and Crime,1993,100,1,22,2,CART,0.3282143415364006,0.07217025756835938,0.0010204315185546875
183,Communities and Crime,1993,100,1,22,2,CPILOT,0.6013484034401748,0.20073699951171875,0.00013399124145507812
183,Communities and Crime,1993,100,1,22,2,RF,0.6474753035485521,4.493401050567627,0.00581812858581543
183,Communities and Crime,1993,100,1,22,2,CPF,0.6600644489945077,25.231415271759033,0.0052263736724853516
183,Communities and Crime,1993,100,1,22,2,CPF - alpha = 0.01,0.6463101016774392,32.90991425514221,0.017807483673095703
183,Communities and Crime,1993,100,1,22,2,XGB,0.6022721223801129,2.113510847091675,0.014707088470458984
183,Communities and Crime,1993,100,1,22,3,CART,0.2485600589787239,0.0811305046081543,0.0009591579437255859
183,Communities and Crime,1993,100,1,22,3,CPILOT,0.6199772725023243,0.19650530815124512,9.083747863769531e-05
183,Communities and Crime,1993,100,1,22,3,RF,0.6560961061105572,4.771413087844849,0.0065538883209228516
183,Communities and Crime,1993,100,1,22,3,CPF,0.6636999703019479,26.535871744155884,0.005021095275878906
183,Communities and Crime,1993,100,1,22,3,CPF - alpha = 0.01,0.6611461116218085,33.7246630191803,0.012108087539672852
183,Communities and Crime,1993,100,1,22,3,XGB,0.6172122877204161,0.24242329597473145,0.0017635822296142578
183,Communities and Crime,1993,100,1,22,4,CART,0.31204713955128227,0.0802159309387207,0.0009260177612304688
183,Communities and Crime,1993,100,1,22,4,CPILOT,0.6431431918769116,0.2082219123840332,9.250640869140625e-05
183,Communities and Crime,1993,100,1,22,4,RF,0.6349173897551077,4.65149712562561,0.006086826324462891
183,Communities and Crime,1993,100,1,22,4,CPF,0.6667320123342793,25.88389801979065,0.005495786666870117
183,Communities and Crime,1993,100,1,22,4,CPF - alpha = 0.01,0.6535469548046484,34.08099365234375,0.01158761978149414
183,Communities and Crime,1993,100,1,22,4,XGB,0.5762043995541685,0.20392417907714844,0.0042111873626708984
183,Communities and Crime,1993,100,1,22,5,CART,0.1781342730728288,0.07541704177856445,0.0009632110595703125
183,Communities and Crime,1993,100,1,22,5,CPILOT,0.6448940721039269,0.14904236793518066,9.012222290039062e-05
183,Communities and Crime,1993,100,1,22,5,RF,0.6955702891143904,4.657784938812256,0.0059735774993896484
183,Communities and Crime,1993,100,1,22,5,CPF,0.7050053950843801,26.177325963974,0.0055255889892578125
183,Communities and Crime,1993,100,1,22,5,CPF - alpha = 0.01,0.7090449466571302,33.85805535316467,0.011941671371459961
183,Communities and Crime,1993,100,1,22,5,XGB,0.6133659033990191,0.16833806037902832,0.0015327930450439453
186,Wine Quality,6497,11,0,0,1,CART,0.008447743209116898,0.02938985824584961,0.0008826255798339844
186,Wine Quality,6497,11,0,0,1,CPILOT,0.29609823343488706,0.032568931579589844,8.463859558105469e-05
186,Wine Quality,6497,11,0,0,1,RF,0.49714645906241595,1.9311134815216064,0.015032291412353516
186,Wine Quality,6497,11,0,0,1,CPF,0.36090514486563574,4.613203048706055,0.004759788513183594
186,Wine Quality,6497,11,0,0,1,CPF - alpha = 0.01,0.5127084588072466,12.987366676330566,0.029973983764648438
186,Wine Quality,6497,11,0,0,1,XGB,0.45932702531236635,0.11040544509887695,0.0016689300537109375
186,Wine Quality,6497,11,0,0,2,CART,0.050435660088102297,0.030122756958007812,0.0008838176727294922
186,Wine Quality,6497,11,0,0,2,CPILOT,0.32718550516488387,0.047271728515625,9.107589721679688e-05
186,Wine Quality,6497,11,0,0,2,RF,0.5145490054530283,1.8562204837799072,0.012790918350219727
186,Wine Quality,6497,11,0,0,2,CPF,0.3746267998447196,4.834754228591919,0.005297422409057617
186,Wine Quality,6497,11,0,0,2,CPF - alpha = 0.01,0.531714237776478,13.507652044296265,0.03537344932556152
186,Wine Quality,6497,11,0,0,2,XGB,0.45811981192123363,0.08449721336364746,0.0023353099822998047
186,Wine Quality,6497,11,0,0,3,CART,0.06232146433909047,0.0303802490234375,0.0008769035339355469
186,Wine Quality,6497,11,0,0,3,CPILOT,0.3199670725390401,0.028905391693115234,8.153915405273438e-05
186,Wine Quality,6497,11,0,0,3,RF,0.5251056505092213,1.958221673965454,0.013642072677612305
186,Wine Quality,6497,11,0,0,3,CPF,0.3759499967157709,4.4390034675598145,0.004241466522216797
186,Wine Quality,6497,11,0,0,3,CPF - alpha = 0.01,0.5292745902503467,14.405472040176392,0.03056621551513672
186,Wine Quality,6497,11,0,0,3,XGB,0.48162226017399357,0.07775139808654785,0.001954317092895508
186,Wine Quality,6497,11,0,0,4,CART,0.11779235048974224,0.03123927116394043,0.0011005401611328125
186,Wine Quality,6497,11,0,0,4,CPILOT,0.317517731649232,0.038997650146484375,8.630752563476562e-05
186,Wine Quality,6497,11,0,0,4,RF,0.5263529643294007,1.8876280784606934,0.013107538223266602
186,Wine Quality,6497,11,0,0,4,CPF,0.38850972835302666,4.486864328384399,0.006975650787353516
186,Wine Quality,6497,11,0,0,4,CPF - alpha = 0.01,0.5372675153455246,13.987630367279053,0.033124446868896484
186,Wine Quality,6497,11,0,0,4,XGB,0.48203997141399435,0.06997966766357422,0.0018584728240966797
186,Wine Quality,6497,11,0,0,5,CART,0.17117745339841706,0.030019283294677734,0.0009558200836181641
186,Wine Quality,6497,11,0,0,5,CPILOT,0.3651054797493958,0.0604405403137207,9.751319885253906e-05
186,Wine Quality,6497,11,0,0,5,RF,0.5184163069269396,1.8379614353179932,0.012583255767822266
186,Wine Quality,6497,11,0,0,5,CPF,0.4042356440257804,4.467572450637817,0.004145383834838867
186,Wine Quality,6497,11,0,0,5,CPF - alpha = 0.01,0.5411634272008432,13.699406385421753,0.029845237731933594
186,Wine Quality,6497,11,0,0,5,XGB,0.47941034236046043,0.09417438507080078,0.0017092227935791016
275,Bike Sharing,17379,12,0,0,1,CART,0.8597856005442006,0.0893402099609375,0.0016520023345947266
275,Bike Sharing,17379,12,0,0,1,CPILOT,0.8884444074703192,0.13384222984313965,0.00035452842712402344
275,Bike Sharing,17379,12,0,0,1,RF,0.9291615132732759,5.512117147445679,0.04645276069641113
275,Bike Sharing,17379,12,0,0,1,CPF,0.9277095735604216,15.18672227859497,0.045003652572631836
275,Bike Sharing,17379,12,0,0,1,CPF - alpha = 0.01,0.9409170727629291,23.8093044757843,0.1462850570678711
275,Bike Sharing,17379,12,0,0,1,XGB,0.9356070747989089,0.14841270446777344,0.002991914749145508
275,Bike Sharing,17379,12,0,0,2,CART,0.8586988106919027,0.10016989707946777,0.002211332321166992
275,Bike Sharing,17379,12,0,0,2,CPILOT,0.900917191095105,0.15063953399658203,0.0003743171691894531
275,Bike Sharing,17379,12,0,0,2,RF,0.9280160511353692,5.543360233306885,0.04717659950256348
275,Bike Sharing,17379,12,0,0,2,CPF,0.9272732523812242,17.12440514564514,0.07976722717285156
275,Bike Sharing,17379,12,0,0,2,CPF - alpha = 0.01,0.9417743447399716,26.003025770187378,0.12246322631835938
275,Bike Sharing,17379,12,0,0,2,XGB,0.932536287614423,0.06296992301940918,0.0024726390838623047
275,Bike Sharing,17379,12,0,0,3,CART,0.8346099681893577,0.08522772789001465,0.001531839370727539
275,Bike Sharing,17379,12,0,0,3,CPILOT,0.8920648678632228,0.13692593574523926,0.0003998279571533203
275,Bike Sharing,17379,12,0,0,3,RF,0.917871695287193,5.31717586517334,0.051993370056152344
275,Bike Sharing,17379,12,0,0,3,CPF,0.9229628149030533,15.916606903076172,0.047263383865356445
275,Bike Sharing,17379,12,0,0,3,CPF - alpha = 0.01,0.937089697635023,21.196393966674805,0.12462425231933594
275,Bike Sharing,17379,12,0,0,3,XGB,0.9293773529910989,0.07797980308532715,0.003659963607788086
275,Bike Sharing,17379,12,0,0,4,CART,0.8599362995809617,0.08253359794616699,0.0015239715576171875
275,Bike Sharing,17379,12,0,0,4,CPILOT,0.8903656987921874,0.13288044929504395,0.0004057884216308594
275,Bike Sharing,17379,12,0,0,4,RF,0.9311053519994403,5.220900535583496,0.04660606384277344
275,Bike Sharing,17379,12,0,0,4,CPF,0.9242278594722718,15.0298171043396,0.04680514335632324
275,Bike Sharing,17379,12,0,0,4,CPF - alpha = 0.01,0.9435101160138838,20.612444162368774,0.12584424018859863
275,Bike Sharing,17379,12,0,0,4,XGB,0.9383868244776542,0.30255126953125,0.0019528865814208984
275,Bike Sharing,17379,12,0,0,5,CART,0.8557737080580209,0.08959794044494629,0.0017642974853515625
275,Bike Sharing,17379,12,0,0,5,CPILOT,0.8882534550340758,0.14038515090942383,0.0004374980926513672
275,Bike Sharing,17379,12,0,0,5,RF,0.9252676021832953,5.60208535194397,0.055371761322021484
275,Bike Sharing,17379,12,0,0,5,CPF,0.9247260560957293,15.21203088760376,0.05076956748962402
275,Bike Sharing,17379,12,0,0,5,CPF - alpha = 0.01,0.9410008740902084,20.61568260192871,0.12069892883300781
275,Bike Sharing,17379,12,0,0,5,XGB,0.9355761903968919,0.06316900253295898,0.0020198822021484375
291,Airfoil Self-Noise,1503,5,0,0,1,CART,0.8864766432434549,0.003016948699951172,0.0006358623504638672
291,Airfoil Self-Noise,1503,5,0,0,1,CPILOT,0.8278858720279065,0.00403904914855957,7.271766662597656e-05
291,Airfoil Self-Noise,1503,5,0,0,1,RF,0.9296043388333393,0.20789837837219238,0.004504203796386719
291,Airfoil Self-Noise,1503,5,0,0,1,CPF,0.8628165123023881,0.4582340717315674,0.002274036407470703
291,Airfoil Self-Noise,1503,5,0,0,1,CPF - alpha = 0.01,0.9399102551521472,0.8677663803100586,0.008391618728637695
291,Airfoil Self-Noise,1503,5,0,0,1,XGB,0.9505357612387442,0.07357430458068848,0.0013835430145263672
291,Airfoil Self-Noise,1503,5,0,0,2,CART,0.8194247554974932,0.00458526611328125,0.001173257827758789
291,Airfoil Self-Noise,1503,5,0,0,2,CPILOT,0.7069446976473064,0.005644083023071289,6.556510925292969e-05
291,Airfoil Self-Noise,1503,5,0,0,2,RF,0.9370179117666246,0.3105437755584717,0.0065195560455322266
291,Airfoil Self-Noise,1503,5,0,0,2,CPF,0.8420837589863903,0.4687464237213135,0.0022804737091064453
291,Airfoil Self-Noise,1503,5,0,0,2,CPF - alpha = 0.01,0.955521872850059,0.6813690662384033,0.008191823959350586
291,Airfoil Self-Noise,1503,5,0,0,2,XGB,0.9320821004780971,0.03607296943664551,0.0013403892517089844
291,Airfoil Self-Noise,1503,5,0,0,3,CART,0.868264689219292,0.0046269893646240234,0.000812530517578125
291,Airfoil Self-Noise,1503,5,0,0,3,CPILOT,0.8534543360795193,0.004083156585693359,4.172325134277344e-05
291,Airfoil Self-Noise,1503,5,0,0,3,RF,0.938466727717626,0.2052631378173828,0.004594326019287109
291,Airfoil Self-Noise,1503,5,0,0,3,CPF,0.8726483056341339,0.43482398986816406,0.002445220947265625
291,Airfoil Self-Noise,1503,5,0,0,3,CPF - alpha = 0.01,0.9455836656476724,0.7179217338562012,0.008355855941772461
291,Airfoil Self-Noise,1503,5,0,0,3,XGB,0.9416689384656455,0.289064884185791,0.0016055107116699219
291,Airfoil Self-Noise,1503,5,0,0,4,CART,0.8580219953194193,0.004626035690307617,0.0009837150573730469
291,Airfoil Self-Noise,1503,5,0,0,4,CPILOT,0.7185303870353797,0.005235195159912109,6.437301635742188e-05
291,Airfoil Self-Noise,1503,5,0,0,4,RF,0.9278721648290967,0.27425622940063477,0.006356000900268555
291,Airfoil Self-Noise,1503,5,0,0,4,CPF,0.8306269828097038,0.4615969657897949,0.0021092891693115234
291,Airfoil Self-Noise,1503,5,0,0,4,CPF - alpha = 0.01,0.9427930650434337,0.8067543506622314,0.008677244186401367
291,Airfoil Self-Noise,1503,5,0,0,4,XGB,0.9428824706157374,0.11211800575256348,0.0013227462768554688
291,Airfoil Self-Noise,1503,5,0,0,5,CART,0.8371653015582474,0.003725767135620117,0.0007538795471191406
291,Airfoil Self-Noise,1503,5,0,0,5,CPILOT,0.834279571479151,0.004429340362548828,6.079673767089844e-05
291,Airfoil Self-Noise,1503,5,0,0,5,RF,0.9030688297356362,0.29921412467956543,0.006200551986694336
291,Airfoil Self-Noise,1503,5,0,0,5,CPF,0.8408989839175821,0.5546526908874512,0.0025365352630615234
291,Airfoil Self-Noise,1503,5,0,0,5,CPF - alpha = 0.01,0.9228570332844716,0.6989338397979736,0.007081270217895508
291,Airfoil Self-Noise,1503,5,0,0,5,XGB,0.9268448361601384,0.03771352767944336,0.0014450550079345703
294,Combined Cycle Power Plant,9568,4,0,0,1,CART,0.9294226833412627,0.03559160232543945,0.0010836124420166016
294,Combined Cycle Power Plant,9568,4,0,0,1,CPILOT,0.9452650330104168,0.14441919326782227,0.00011801719665527344
294,Combined Cycle Power Plant,9568,4,0,0,1,RF,0.9639006358673512,2.1362416744232178,0.03229379653930664
294,Combined Cycle Power Plant,9568,4,0,0,1,CPF,0.9555570595613757,13.134872436523438,0.009332895278930664
294,Combined Cycle Power Plant,9568,4,0,0,1,CPF - alpha = 0.01,0.9714768949589832,19.083605527877808,0.05240321159362793
294,Combined Cycle Power Plant,9568,4,0,0,1,XGB,0.9686406948910005,0.07726407051086426,0.0016913414001464844
294,Combined Cycle Power Plant,9568,4,0,0,2,CART,0.929818864780777,0.03193950653076172,0.0013966560363769531
294,Combined Cycle Power Plant,9568,4,0,0,2,CPILOT,0.9491512069926512,0.22705459594726562,0.00014853477478027344
294,Combined Cycle Power Plant,9568,4,0,0,2,RF,0.962544052113433,2.1705949306488037,0.04243969917297363
294,Combined Cycle Power Plant,9568,4,0,0,2,CPF,0.9562567339166999,12.848068237304688,0.009795427322387695
294,Combined Cycle Power Plant,9568,4,0,0,2,CPF - alpha = 0.01,0.9700428845453457,18.93500852584839,0.05140399932861328
294,Combined Cycle Power Plant,9568,4,0,0,2,XGB,0.9670257761270185,0.053008079528808594,0.0016713142395019531
294,Combined Cycle Power Plant,9568,4,0,0,3,CART,0.9303529511026234,0.03041553497314453,0.0010170936584472656
294,Combined Cycle Power Plant,9568,4,0,0,3,CPILOT,0.9454476509767652,0.1614992618560791,0.0001442432403564453
294,Combined Cycle Power Plant,9568,4,0,0,3,RF,0.9570819782544535,1.7841761112213135,0.026324748992919922
294,Combined Cycle Power Plant,9568,4,0,0,3,CPF,0.95290428428346,12.98976445198059,0.009674787521362305
294,Combined Cycle Power Plant,9568,4,0,0,3,CPF - alpha = 0.01,0.9646742023948751,18.957552909851074,0.061223745346069336
294,Combined Cycle Power Plant,9568,4,0,0,3,XGB,0.9600184706500452,0.13584566116333008,0.0016465187072753906
294,Combined Cycle Power Plant,9568,4,0,0,4,CART,0.9314067284001282,0.03127241134643555,0.0010652542114257812
294,Combined Cycle Power Plant,9568,4,0,0,4,CPILOT,0.9484549429496738,0.15436577796936035,0.00011968612670898438
294,Combined Cycle Power Plant,9568,4,0,0,4,RF,0.9627487037782285,1.7442905902862549,0.030387401580810547
294,Combined Cycle Power Plant,9568,4,0,0,4,CPF,0.9580248118858133,12.828198194503784,0.009500503540039062
294,Combined Cycle Power Plant,9568,4,0,0,4,CPF - alpha = 0.01,0.9705839105842059,20.232930898666382,0.05581927299499512
294,Combined Cycle Power Plant,9568,4,0,0,4,XGB,0.9679500935134645,0.05897355079650879,0.001585245132446289
294,Combined Cycle Power Plant,9568,4,0,0,5,CART,0.9278140103302387,0.029010772705078125,0.0010259151458740234
294,Combined Cycle Power Plant,9568,4,0,0,5,CPILOT,0.948189699217329,0.16283607482910156,0.00016069412231445312
294,Combined Cycle Power Plant,9568,4,0,0,5,RF,0.9621742788993054,1.7618350982666016,0.026584386825561523
294,Combined Cycle Power Plant,9568,4,0,0,5,CPF,0.956650609142539,13.945106744766235,0.010831594467163086
294,Combined Cycle Power Plant,9568,4,0,0,5,CPF - alpha = 0.01,0.9691946771729912,19.33899998664856,0.051405906677246094
294,Combined Cycle Power Plant,9568,4,0,0,5,XGB,0.9665513933795125,0.05697917938232422,0.001827239990234375
332,Online News Popularity,39644,58,0,0,1,CART,-0.7511696925073705,1.4114913940429688,0.004265308380126953
332,Online News Popularity,39644,58,0,0,1,CPILOT,0.13209886177796037,4.043721675872803,0.0004596710205078125
332,Online News Popularity,39644,58,0,0,1,RF,0.1588706249625128,86.08935332298279,0.17182111740112305
332,Online News Popularity,39644,58,0,0,1,CPF,0.15133870553845863,337.00762915611267,0.04880261421203613
332,Online News Popularity,39644,58,0,0,1,CPF - alpha = 0.01,0.08130103673837952,877.284833908081,0.2475736141204834
332,Online News Popularity,39644,58,0,0,1,XGB,0.11973191570117347,0.31552624702453613,0.0032434463500976562
332,Online News Popularity,39644,58,0,0,2,CART,-0.7195743298296433,1.2915873527526855,0.003043651580810547
332,Online News Popularity,39644,58,0,0,2,CPILOT,0.11677481316349292,4.055687189102173,0.00047659873962402344
332,Online News Popularity,39644,58,0,0,2,RF,0.14912020708503182,88.55785894393921,0.17902636528015137
332,Online News Popularity,39644,58,0,0,2,CPF,0.1261908792745372,327.5025908946991,0.0500032901763916
332,Online News Popularity,39644,58,0,0,2,CPF - alpha = 0.01,0.11960228443501764,863.3445279598236,0.29572367668151855
332,Online News Popularity,39644,58,0,0,2,XGB,0.12046316261639911,1.8446784019470215,0.0031545162200927734
332,Online News Popularity,39644,58,0,0,3,CART,-0.7426347588579767,1.3118212223052979,0.0031163692474365234
332,Online News Popularity,39644,58,0,0,3,CPILOT,0.13340812226657006,3.97578501701355,0.00047469139099121094
332,Online News Popularity,39644,58,0,0,3,RF,0.16425491638695822,84.2042088508606,0.15354514122009277
332,Online News Popularity,39644,58,0,0,3,CPF,0.14400236928938337,342.9307873249054,0.0504302978515625
332,Online News Popularity,39644,58,0,0,3,CPF - alpha = 0.01,0.12123751584493703,854.7827565670013,0.27835917472839355
332,Online News Popularity,39644,58,0,0,3,XGB,0.1272124467638306,0.32013583183288574,0.0030579566955566406
332,Online News Popularity,39644,58,0,0,4,CART,-0.7931531422095695,1.2942004203796387,0.003133535385131836
332,Online News Popularity,39644,58,0,0,4,CPILOT,0.06147846443045357,4.502001047134399,0.0005216598510742188
332,Online News Popularity,39644,58,0,0,4,RF,0.1429374177924393,84.19795680046082,0.2003004550933838
332,Online News Popularity,39644,58,0,0,4,CPF,0.11496690555839217,347.3686707019806,0.0484011173248291
332,Online News Popularity,39644,58,0,0,4,CPF - alpha = 0.01,0.127543286894659,872.360188961029,0.2593827247619629
332,Online News Popularity,39644,58,0,0,4,XGB,0.11020316556080945,0.4305434226989746,0.004109859466552734
332,Online News Popularity,39644,58,0,0,5,CART,-0.7571239792333393,1.274686336517334,0.0029714107513427734
332,Online News Popularity,39644,58,0,0,5,CPILOT,-0.052459629916153716,4.1923158168792725,0.00048065185546875
332,Online News Popularity,39644,58,0,0,5,RF,0.142573167515612,86.86894345283508,0.15244531631469727
332,Online News Popularity,39644,58,0,0,5,CPF,0.10838465014274579,373.3706634044647,0.05714011192321777
332,Online News Popularity,39644,58,0,0,5,CPF - alpha = 0.01,0.12328876528334398,887.4398503303528,0.2844090461730957
332,Online News Popularity,39644,58,0,0,5,XGB,0.11688431267560029,0.6792933940887451,0.005341291427612305
368,Facebook Metrics,495,18,5,0,1,CART,0.9679233286687187,0.005698204040527344,0.0007650852203369141
368,Facebook Metrics,495,18,5,0,1,CPILOT,0.9909422859181973,0.3429722785949707,7.05718994140625e-05
368,Facebook Metrics,495,18,5,0,1,RF,0.9325663898184149,0.2909975051879883,0.0037767887115478516
368,Facebook Metrics,495,18,5,0,1,CPF,0.9958909732000168,16.227380514144897,0.003663301467895508
368,Facebook Metrics,495,18,5,0,1,CPF - alpha = 0.01,0.9963605484577744,2.6153290271759033,0.0035903453826904297
368,Facebook Metrics,495,18,5,0,1,XGB,0.9853351619589644,0.17635703086853027,0.010046005249023438
368,Facebook Metrics,495,18,5,0,2,CART,0.9824855801524339,0.0058689117431640625,0.0006289482116699219
368,Facebook Metrics,495,18,5,0,2,CPILOT,0.9955951352417635,0.40146541595458984,0.0001251697540283203
368,Facebook Metrics,495,18,5,0,2,RF,0.9682907998868688,0.3237900733947754,0.0026264190673828125
368,Facebook Metrics,495,18,5,0,2,CPF,0.9998281023383494,13.78841519355774,0.0038726329803466797
368,Facebook Metrics,495,18,5,0,2,CPF - alpha = 0.01,0.9996643246924711,2.327625274658203,0.0030379295349121094
368,Facebook Metrics,495,18,5,0,2,XGB,0.8593139129745037,0.3540170192718506,0.02363276481628418
368,Facebook Metrics,495,18,5,0,3,CART,0.9716276756438577,0.0045642852783203125,0.0005934238433837891
368,Facebook Metrics,495,18,5,0,3,CPILOT,0.9992706548595757,0.34880828857421875,8.678436279296875e-05
368,Facebook Metrics,495,18,5,0,3,RF,0.8864391112655851,0.22808504104614258,0.002597332000732422
368,Facebook Metrics,495,18,5,0,3,CPF,0.9984609855152397,16.635787963867188,0.003532886505126953
368,Facebook Metrics,495,18,5,0,3,CPF - alpha = 0.01,0.9974395858198238,2.3256516456604004,0.0022258758544921875
368,Facebook Metrics,495,18,5,0,3,XGB,0.9917252350108003,0.17027831077575684,0.028682708740234375
368,Facebook Metrics,495,18,5,0,4,CART,0.5105328232044801,0.004473686218261719,0.0008580684661865234
368,Facebook Metrics,495,18,5,0,4,CPILOT,0.6368467428879875,0.26537275314331055,9.441375732421875e-05
368,Facebook Metrics,495,18,5,0,4,RF,0.5329168379774964,0.2153470516204834,0.002593994140625
368,Facebook Metrics,495,18,5,0,4,CPF,0.5901707057698766,14.57125449180603,0.0038051605224609375
368,Facebook Metrics,495,18,5,0,4,CPF - alpha = 0.01,0.578752723494546,2.2588870525360107,0.002655506134033203
368,Facebook Metrics,495,18,5,0,4,XGB,0.5704989096122467,0.20566773414611816,0.016933441162109375
368,Facebook Metrics,495,18,5,0,5,CART,0.9567044842986931,0.0049114227294921875,0.0006341934204101562
368,Facebook Metrics,495,18,5,0,5,CPILOT,0.993675826719807,0.29140758514404297,9.202957153320312e-05
368,Facebook Metrics,495,18,5,0,5,RF,0.9846389914154389,0.2418811321258545,0.0025892257690429688
368,Facebook Metrics,495,18,5,0,5,CPF,0.9978951395039397,14.308321237564087,0.0035376548767089844
368,Facebook Metrics,495,18,5,0,5,CPF - alpha = 0.01,0.9965650273053691,2.3071649074554443,0.002450704574584961
368,Facebook Metrics,495,18,5,0,5,XGB,0.9893953153604139,0.17704367637634277,0.01917099952697754
374,Appliances Energy Prediction,19735,27,0,0,1,CART,0.13828776474503535,0.5530071258544922,0.001856088638305664
374,Appliances Energy Prediction,19735,27,0,0,1,CPILOT,0.1541697856964429,1.880054235458374,0.0003039836883544922
374,Appliances Energy Prediction,19735,27,0,0,1,RF,0.5307725602949889,27.195197820663452,0.044548988342285156
374,Appliances Energy Prediction,19735,27,0,0,1,CPF,0.43373643905870995,172.99538350105286,0.029113292694091797
374,Appliances Energy Prediction,19735,27,0,0,1,CPF - alpha = 0.01,0.5235991773353141,219.7186963558197,0.05132460594177246
374,Appliances Energy Prediction,19735,27,0,0,1,XGB,0.4897815712240663,0.27089953422546387,0.026732206344604492
374,Appliances Energy Prediction,19735,27,0,0,2,CART,0.13567184226870765,0.41655588150024414,0.00147247314453125
374,Appliances Energy Prediction,19735,27,0,0,2,CPILOT,0.1543868455170735,2.615758180618286,0.00032067298889160156
374,Appliances Energy Prediction,19735,27,0,0,2,RF,0.5182372151351509,26.481133937835693,0.04819464683532715
374,Appliances Energy Prediction,19735,27,0,0,2,CPF,0.3697593434902565,164.25907564163208,0.02706432342529297
374,Appliances Energy Prediction,19735,27,0,0,2,CPF - alpha = 0.01,0.4935163663958446,225.28118133544922,0.05459904670715332
374,Appliances Energy Prediction,19735,27,0,0,2,XGB,0.47495295078089317,0.6148562431335449,0.017899036407470703
374,Appliances Energy Prediction,19735,27,0,0,3,CART,0.1530096622455398,0.39481687545776367,0.0012428760528564453
374,Appliances Energy Prediction,19735,27,0,0,3,CPILOT,0.23121819058589943,2.435391664505005,0.0002777576446533203
374,Appliances Energy Prediction,19735,27,0,0,3,RF,0.5358349670206012,27.64492154121399,0.06615877151489258
374,Appliances Energy Prediction,19735,27,0,0,3,CPF,0.3851566909109253,154.55065298080444,0.029299497604370117
374,Appliances Energy Prediction,19735,27,0,0,3,CPF - alpha = 0.01,0.5174040226215557,218.97934436798096,0.05844235420227051
374,Appliances Energy Prediction,19735,27,0,0,3,XGB,0.4939411059315094,0.39369654655456543,0.04338669776916504
374,Appliances Energy Prediction,19735,27,0,0,4,CART,0.08004154593330237,0.5179312229156494,0.00194549560546875
374,Appliances Energy Prediction,19735,27,0,0,4,CPILOT,0.21420284108244503,2.5653316974639893,0.0002894401550292969
374,Appliances Energy Prediction,19735,27,0,0,4,RF,0.5358319722319895,26.61885380744934,0.04475712776184082
374,Appliances Energy Prediction,19735,27,0,0,4,CPF,0.37353855827018945,152.18747568130493,0.04322624206542969
374,Appliances Energy Prediction,19735,27,0,0,4,CPF - alpha = 0.01,0.5174958259490284,218.1167757511139,0.06343698501586914
374,Appliances Energy Prediction,19735,27,0,0,4,XGB,0.47843766294547774,0.41939377784729004,0.020294904708862305
374,Appliances Energy Prediction,19735,27,0,0,5,CART,0.08384535022438055,0.5387675762176514,0.0018031597137451172
374,Appliances Energy Prediction,19735,27,0,0,5,CPILOT,0.12805013154173828,1.5282938480377197,0.0002808570861816406
374,Appliances Energy Prediction,19735,27,0,0,5,RF,0.5241027226449724,26.646167516708374,0.04420304298400879
374,Appliances Energy Prediction,19735,27,0,0,5,CPF,0.40713709989741653,168.973060131073,0.0480799674987793
374,Appliances Energy Prediction,19735,27,0,0,5,CPF - alpha = 0.01,0.5039909431491727,217.18561339378357,0.07256317138671875
374,Appliances Energy Prediction,19735,27,0,0,5,XGB,0.5129267061105376,0.37920212745666504,0.0102081298828125
381,Beijing PM2.5,41757,11,2067,0,1,CART,0.7032614853026096,0.14069437980651855,0.0020036697387695312
381,Beijing PM2.5,41757,11,2067,0,1,CPILOT,0.6519022663641187,0.30132532119750977,0.0004634857177734375
381,Beijing PM2.5,41757,11,2067,0,1,RF,0.841736625434818,9.830999851226807,0.10709214210510254
381,Beijing PM2.5,41757,11,2067,0,1,CPF,0.735819745868656,31.428375959396362,0.08765292167663574
381,Beijing PM2.5,41757,11,2067,0,1,CPF - alpha = 0.01,0.8399269640576784,49.29661273956299,0.30857157707214355
381,Beijing PM2.5,41757,11,2067,0,1,XGB,0.7598240133521126,1.5295305252075195,0.028496980667114258
381,Beijing PM2.5,41757,11,2067,0,2,CART,0.664317125106664,0.12943434715270996,0.0019927024841308594
381,Beijing PM2.5,41757,11,2067,0,2,CPILOT,0.6657609157655989,0.36519837379455566,0.0009291172027587891
381,Beijing PM2.5,41757,11,2067,0,2,RF,0.8486493677830185,9.9148850440979,0.10802078247070312
381,Beijing PM2.5,41757,11,2067,0,2,CPF,0.751662324891504,30.059016942977905,0.10088515281677246
381,Beijing PM2.5,41757,11,2067,0,2,CPF - alpha = 0.01,0.8528196087994823,48.70091986656189,0.33017849922180176
381,Beijing PM2.5,41757,11,2067,0,2,XGB,0.7709835504314805,1.25138521194458,0.09194564819335938
381,Beijing PM2.5,41757,11,2067,0,3,CART,0.6423314236611131,0.2019820213317871,0.002911090850830078
381,Beijing PM2.5,41757,11,2067,0,3,CPILOT,0.652795501763977,0.4437751770019531,0.0005280971527099609
381,Beijing PM2.5,41757,11,2067,0,3,RF,0.8296968740721254,8.859744310379028,0.10580873489379883
381,Beijing PM2.5,41757,11,2067,0,3,CPF,0.7454040932880805,29.961467266082764,0.13924765586853027
381,Beijing PM2.5,41757,11,2067,0,3,CPF - alpha = 0.01,0.843252633733228,48.13785719871521,0.3134162425994873
381,Beijing PM2.5,41757,11,2067,0,3,XGB,0.7617366583143659,1.2447319030761719,0.08595609664916992
381,Beijing PM2.5,41757,11,2067,0,4,CART,0.6828986510553591,0.19418907165527344,0.002563953399658203
381,Beijing PM2.5,41757,11,2067,0,4,CPILOT,0.6949452116408911,0.36094045639038086,0.0004146099090576172
381,Beijing PM2.5,41757,11,2067,0,4,RF,0.8614373437527898,9.405985832214355,0.10667920112609863
381,Beijing PM2.5,41757,11,2067,0,4,CPF,0.7662157639112318,29.742748498916626,0.10715532302856445
381,Beijing PM2.5,41757,11,2067,0,4,CPF - alpha = 0.01,0.8667400516212769,49.1983757019043,0.44038820266723633
381,Beijing PM2.5,41757,11,2067,0,4,XGB,0.7792968802155373,1.5212807655334473,0.05514788627624512
381,Beijing PM2.5,41757,11,2067,0,5,CART,0.7075760924692267,0.19929027557373047,0.0025060176849365234
381,Beijing PM2.5,41757,11,2067,0,5,CPILOT,0.6854020072245124,0.38456201553344727,0.00046563148498535156
381,Beijing PM2.5,41757,11,2067,0,5,RF,0.8606602820747218,9.68041706085205,0.14023113250732422
381,Beijing PM2.5,41757,11,2067,0,5,CPF,0.7691878841941723,30.031360387802124,0.13889598846435547
381,Beijing PM2.5,41757,11,2067,0,5,CPF - alpha = 0.01,0.8675072093345034,53.989922285079956,0.34417247772216797
381,Beijing PM2.5,41757,11,2067,0,5,XGB,0.7825697841391008,1.5863745212554932,0.02419137954711914
409,Daily Demand Forecasting Orders,60,12,0,0,1,CART,0.6236177533811706,0.0061147212982177734,0.0007245540618896484
409,Daily Demand Forecasting Orders,60,12,0,0,1,CPILOT,0.7024040276041579,0.009700298309326172,3.6716461181640625e-05
409,Daily Demand Forecasting Orders,60,12,0,0,1,RF,0.6844068887930408,0.304302453994751,0.0028467178344726562
409,Daily Demand Forecasting Orders,60,12,0,0,1,CPF,0.744421469171778,0.18300175666809082,0.1128072738647461
409,Daily Demand Forecasting Orders,60,12,0,0,1,CPF - alpha = 0.01,0.7447027641848104,0.1128382682800293,0.05355048179626465
409,Daily Demand Forecasting Orders,60,12,0,0,1,XGB,0.7821760127020734,1.8407015800476074,0.05536913871765137
409,Daily Demand Forecasting Orders,60,12,0,0,2,CART,0.7660088239620129,0.0056421756744384766,0.0018575191497802734
409,Daily Demand Forecasting Orders,60,12,0,0,2,CPILOT,0.982303602087543,0.007416486740112305,5.221366882324219e-05
409,Daily Demand Forecasting Orders,60,12,0,0,2,RF,0.8893003837017195,0.2571296691894531,0.0044629573822021484
409,Daily Demand Forecasting Orders,60,12,0,0,2,CPF,0.9764745031874459,0.24095654487609863,0.08194661140441895
409,Daily Demand Forecasting Orders,60,12,0,0,2,CPF - alpha = 0.01,0.9602687070182776,0.11243581771850586,0.08733940124511719
409,Daily Demand Forecasting Orders,60,12,0,0,2,XGB,0.9024328781403418,1.777141809463501,0.04892683029174805
409,Daily Demand Forecasting Orders,60,12,0,0,3,CART,0.8601739980245022,0.0021638870239257812,0.0010647773742675781
409,Daily Demand Forecasting Orders,60,12,0,0,3,CPILOT,0.9033605071691767,0.004823923110961914,1.3589859008789062e-05
409,Daily Demand Forecasting Orders,60,12,0,0,3,RF,0.8777232029316445,0.13045287132263184,0.0021948814392089844
409,Daily Demand Forecasting Orders,60,12,0,0,3,CPF,0.9821819602597529,0.23099637031555176,0.09487414360046387
409,Daily Demand Forecasting Orders,60,12,0,0,3,CPF - alpha = 0.01,0.959946768225986,0.12515616416931152,0.11148881912231445
409,Daily Demand Forecasting Orders,60,12,0,0,3,XGB,0.9325806937824169,2.705183267593384,0.07762646675109863
409,Daily Demand Forecasting Orders,60,12,0,0,4,CART,0.6792908510479356,0.0026726722717285156,0.0008771419525146484
409,Daily Demand Forecasting Orders,60,12,0,0,4,CPILOT,0.9681023184403978,0.004907846450805664,6.818771362304688e-05
409,Daily Demand Forecasting Orders,60,12,0,0,4,RF,0.8003283424176961,0.17368650436401367,0.0029191970825195312
409,Daily Demand Forecasting Orders,60,12,0,0,4,CPF,0.9707430825093122,0.40673136711120605,0.10465621948242188
409,Daily Demand Forecasting Orders,60,12,0,0,4,CPF - alpha = 0.01,0.9614191805769972,0.10383391380310059,0.18423843383789062
409,Daily Demand Forecasting Orders,60,12,0,0,4,XGB,0.8538096681924523,1.5176167488098145,0.026567459106445312
409,Daily Demand Forecasting Orders,60,12,0,0,5,CART,0.9079951921159997,0.002357959747314453,0.0006093978881835938
409,Daily Demand Forecasting Orders,60,12,0,0,5,CPILOT,0.9820304609809702,0.00540471076965332,1.1444091796875e-05
409,Daily Demand Forecasting Orders,60,12,0,0,5,RF,0.9724986796602382,0.23302054405212402,0.0022125244140625
409,Daily Demand Forecasting Orders,60,12,0,0,5,CPF,0.9835819758336234,0.2280588150024414,0.09093976020812988
409,Daily Demand Forecasting Orders,60,12,0,0,5,CPF - alpha = 0.01,0.9689558599356626,0.12064552307128906,0.1286635398864746
409,Daily Demand Forecasting Orders,60,12,0,0,5,XGB,0.893527231253439,0.7338697910308838,0.05550098419189453
477,Real Estate Valuation,414,6,0,0,1,CART,0.6236248297217867,0.005438327789306641,0.003350496292114258
477,Real Estate Valuation,414,6,0,0,1,CPILOT,0.7461181319182038,0.007142066955566406,3.62396240234375e-05
477,Real Estate Valuation,414,6,0,0,1,RF,0.8149711273494332,0.49337172508239746,0.0029065608978271484
477,Real Estate Valuation,414,6,0,0,1,CPF,0.7834853941198235,0.42229509353637695,0.04752206802368164
477,Real Estate Valuation,414,6,0,0,1,CPF - alpha = 0.01,0.8044236160470156,0.48455166816711426,0.043592214584350586
477,Real Estate Valuation,414,6,0,0,1,XGB,0.7687684934530014,1.1784389019012451,0.08186054229736328
477,Real Estate Valuation,414,6,0,0,2,CART,0.40446966186386635,0.0028252601623535156,0.0007076263427734375
477,Real Estate Valuation,414,6,0,0,2,CPILOT,0.5258632482235284,0.006900787353515625,6.842613220214844e-05
477,Real Estate Valuation,414,6,0,0,2,RF,0.6042406058240598,0.2487964630126953,0.002833843231201172
477,Real Estate Valuation,414,6,0,0,2,CPF,0.5641156313764015,0.378007173538208,0.024742603302001953
477,Real Estate Valuation,414,6,0,0,2,CPF - alpha = 0.01,0.5726698537589585,0.4102516174316406,0.02185368537902832
477,Real Estate Valuation,414,6,0,0,2,XGB,0.6065953958219084,1.1464922428131104,0.07448840141296387
477,Real Estate Valuation,414,6,0,0,3,CART,0.5757921830376136,0.0034551620483398438,0.0009579658508300781
477,Real Estate Valuation,414,6,0,0,3,CPILOT,0.7186301561961119,0.005978822708129883,1.9550323486328125e-05
477,Real Estate Valuation,414,6,0,0,3,RF,0.750700079780671,0.1878986358642578,0.002881765365600586
477,Real Estate Valuation,414,6,0,0,3,CPF,0.7701198120494431,0.40791797637939453,0.04644966125488281
477,Real Estate Valuation,414,6,0,0,3,CPF - alpha = 0.01,0.7761776880672109,0.48500537872314453,0.049195289611816406
477,Real Estate Valuation,414,6,0,0,3,XGB,0.7348246594784118,1.60980224609375,0.05543208122253418
477,Real Estate Valuation,414,6,0,0,4,CART,0.5991223936406541,0.004535198211669922,0.0008440017700195312
477,Real Estate Valuation,414,6,0,0,4,CPILOT,0.6571009834848257,0.007275104522705078,5.221366882324219e-05
477,Real Estate Valuation,414,6,0,0,4,RF,0.7379743107501394,0.2313520908355713,0.009360313415527344
477,Real Estate Valuation,414,6,0,0,4,CPF,0.6992832991946815,0.39362215995788574,0.031766414642333984
477,Real Estate Valuation,414,6,0,0,4,CPF - alpha = 0.01,0.729796606795697,0.4476170539855957,0.06079530715942383
477,Real Estate Valuation,414,6,0,0,4,XGB,0.7231484451978136,1.3256909847259521,0.03943657875061035
477,Real Estate Valuation,414,6,0,0,5,CART,0.567764907282933,0.002185344696044922,0.0006237030029296875
477,Real Estate Valuation,414,6,0,0,5,CPILOT,0.5868646761377185,0.006014585494995117,2.0265579223632812e-05
477,Real Estate Valuation,414,6,0,0,5,RF,0.6080683164379186,0.20617890357971191,0.0025730133056640625
477,Real Estate Valuation,414,6,0,0,5,CPF,0.6198547460061181,0.4166066646575928,0.01338958740234375
477,Real Estate Valuation,414,6,0,0,5,CPF - alpha = 0.01,0.6159022952056834,0.4805030822753906,0.01581883430480957
477,Real Estate Valuation,414,6,0,0,5,XGB,0.5762489548114039,0.8201620578765869,0.0689399242401123
492,Metro Interstate Traffic Volume,48204,7,0,0,1,CART,-0.42761001134071974,0.12631821632385254,0.0036711692810058594
492,Metro Interstate Traffic Volume,48204,7,0,0,1,CPILOT,0.07351963759310698,0.15330982208251953,0.00033855438232421875
492,Metro Interstate Traffic Volume,48204,7,0,0,1,RF,-0.06354375918242172,8.604265451431274,0.21348786354064941
492,Metro Interstate Traffic Volume,48204,7,0,0,1,CPF,0.07810969156424119,17.630134344100952,0.07329821586608887
492,Metro Interstate Traffic Volume,48204,7,0,0,1,CPF - alpha = 0.01,0.04792868136364614,55.7407341003418,0.34883952140808105
492,Metro Interstate Traffic Volume,48204,7,0,0,1,XGB,0.11884330249184405,2.02913498878479,0.015004873275756836
492,Metro Interstate Traffic Volume,48204,7,0,0,2,CART,-0.36815625700334387,0.12510013580322266,0.0030999183654785156
492,Metro Interstate Traffic Volume,48204,7,0,0,2,CPILOT,0.06988055580997343,0.14509940147399902,0.00029730796813964844
492,Metro Interstate Traffic Volume,48204,7,0,0,2,RF,-0.041295272971396235,9.493561744689941,0.1539936065673828
492,Metro Interstate Traffic Volume,48204,7,0,0,2,CPF,0.07336681729215522,17.29014301300049,0.05154991149902344
492,Metro Interstate Traffic Volume,48204,7,0,0,2,CPF - alpha = 0.01,0.05014751167782283,56.911044120788574,0.32389092445373535
492,Metro Interstate Traffic Volume,48204,7,0,0,2,XGB,0.10962147403085709,0.692380428314209,0.08287763595581055
492,Metro Interstate Traffic Volume,48204,7,0,0,3,CART,-0.44631332006726754,0.13734722137451172,0.003215312957763672
492,Metro Interstate Traffic Volume,48204,7,0,0,3,CPILOT,0.06026377607293565,0.19250202178955078,0.0003590583801269531
492,Metro Interstate Traffic Volume,48204,7,0,0,3,RF,-0.08691694143383066,8.237714052200317,0.15496134757995605
492,Metro Interstate Traffic Volume,48204,7,0,0,3,CPF,0.06486599078111654,17.963666915893555,0.0813145637512207
492,Metro Interstate Traffic Volume,48204,7,0,0,3,CPF - alpha = 0.01,0.030696942374474845,55.43260359764099,0.3372466564178467
492,Metro Interstate Traffic Volume,48204,7,0,0,3,XGB,0.10174075195041177,1.7560296058654785,0.08220648765563965
492,Metro Interstate Traffic Volume,48204,7,0,0,4,CART,-0.42746139226225033,0.11757564544677734,0.0029735565185546875
492,Metro Interstate Traffic Volume,48204,7,0,0,4,CPILOT,0.06998821092106866,0.15655899047851562,0.00028634071350097656
492,Metro Interstate Traffic Volume,48204,7,0,0,4,RF,-0.06592429083346008,8.150986671447754,0.15782713890075684
492,Metro Interstate Traffic Volume,48204,7,0,0,4,CPF,0.07383335123576751,17.127707719802856,0.04645657539367676
492,Metro Interstate Traffic Volume,48204,7,0,0,4,CPF - alpha = 0.01,0.03987492120290703,56.69494271278381,0.3101959228515625
492,Metro Interstate Traffic Volume,48204,7,0,0,4,XGB,0.10595956808547413,1.301088809967041,0.04765152931213379
492,Metro Interstate Traffic Volume,48204,7,0,0,5,CART,-0.41244515373139756,0.1179354190826416,0.0029768943786621094
492,Metro Interstate Traffic Volume,48204,7,0,0,5,CPILOT,0.0699796031800034,0.17452025413513184,0.0003981590270996094
492,Metro Interstate Traffic Volume,48204,7,0,0,5,RF,-0.07329365484487749,7.79481840133667,0.15660881996154785
492,Metro Interstate Traffic Volume,48204,7,0,0,5,CPF,0.07506266824857111,17.434093713760376,0.07206916809082031
492,Metro Interstate Traffic Volume,48204,7,0,0,5,CPF - alpha = 0.01,0.04328221979885272,57.45743227005005,0.3344855308532715
492,Metro Interstate Traffic Volume,48204,7,0,0,5,XGB,0.11136848710567326,2.6612696647644043,0.029612064361572266
597,Productivity Prediction of Garment Employees,691,13,506,0,1,CART,0.5611214257692049,0.004631757736206055,0.0009541511535644531
597,Productivity Prediction of Garment Employees,691,13,506,0,1,CPILOT,0.8012798669328517,0.009976863861083984,5.14984130859375e-05
597,Productivity Prediction of Garment Employees,691,13,506,0,1,RF,0.8338588429230955,0.30629682540893555,0.004740715026855469
597,Productivity Prediction of Garment Employees,691,13,506,0,1,CPF,0.8314025126781689,0.9556925296783447,0.04358863830566406
597,Productivity Prediction of Garment Employees,691,13,506,0,1,CPF - alpha = 0.01,0.8338826815034502,1.0812435150146484,0.043202877044677734
597,Productivity Prediction of Garment Employees,691,13,506,0,1,XGB,0.83891772058693,2.246779203414917,0.025604963302612305
597,Productivity Prediction of Garment Employees,691,13,506,0,2,CART,0.645123346253376,0.004983425140380859,0.0009083747863769531
597,Productivity Prediction of Garment Employees,691,13,506,0,2,CPILOT,0.7823223777184122,0.008332014083862305,5.1975250244140625e-05
597,Productivity Prediction of Garment Employees,691,13,506,0,2,RF,0.8476900042662701,0.265826940536499,0.0033392906188964844
597,Productivity Prediction of Garment Employees,691,13,506,0,2,CPF,0.8424660541334075,0.8500709533691406,0.02967524528503418
597,Productivity Prediction of Garment Employees,691,13,506,0,2,CPF - alpha = 0.01,0.8549276967947448,0.9218795299530029,0.02564692497253418
597,Productivity Prediction of Garment Employees,691,13,506,0,2,XGB,0.8286006390566226,1.0401763916015625,0.04924964904785156
597,Productivity Prediction of Garment Employees,691,13,506,0,3,CART,0.654806950689869,0.0043637752532958984,0.0007567405700683594
597,Productivity Prediction of Garment Employees,691,13,506,0,3,CPILOT,0.7848503336554827,0.008752822875976562,5.173683166503906e-05
597,Productivity Prediction of Garment Employees,691,13,506,0,3,RF,0.7959353983288372,0.2633402347564697,0.003053903579711914
597,Productivity Prediction of Garment Employees,691,13,506,0,3,CPF,0.8086942265795106,0.8184618949890137,0.04138469696044922
597,Productivity Prediction of Garment Employees,691,13,506,0,3,CPF - alpha = 0.01,0.7908272018158313,0.9446470737457275,0.09273076057434082
597,Productivity Prediction of Garment Employees,691,13,506,0,3,XGB,0.8127463061291836,1.9954369068145752,0.04878950119018555
597,Productivity Prediction of Garment Employees,691,13,506,0,4,CART,0.8307281373879427,0.004231929779052734,0.0007925033569335938
597,Productivity Prediction of Garment Employees,691,13,506,0,4,CPILOT,0.7794035782250359,0.012060403823852539,6.818771362304688e-05
597,Productivity Prediction of Garment Employees,691,13,506,0,4,RF,0.8527098965900981,0.293346643447876,0.0030374526977539062
597,Productivity Prediction of Garment Employees,691,13,506,0,4,CPF,0.8163132850236902,0.7770261764526367,0.0754249095916748
597,Productivity Prediction of Garment Employees,691,13,506,0,4,CPF - alpha = 0.01,0.8415226151978322,1.0242385864257812,0.05335283279418945
597,Productivity Prediction of Garment Employees,691,13,506,0,4,XGB,0.8673650497973583,0.7903091907501221,0.026689529418945312
597,Productivity Prediction of Garment Employees,691,13,506,0,5,CART,0.7292468990610271,0.004431486129760742,0.0006816387176513672
597,Productivity Prediction of Garment Employees,691,13,506,0,5,CPILOT,0.75235621376805,0.009389877319335938,3.981590270996094e-05
597,Productivity Prediction of Garment Employees,691,13,506,0,5,RF,0.8214342082784323,0.20327448844909668,0.0030031204223632812
597,Productivity Prediction of Garment Employees,691,13,506,0,5,CPF,0.798643464355692,0.7559859752655029,0.017735004425048828
597,Productivity Prediction of Garment Employees,691,13,506,0,5,CPF - alpha = 0.01,0.7848109989575264,0.9018425941467285,0.026285648345947266
597,Productivity Prediction of Garment Employees,691,13,506,0,5,XGB,0.8473237003546883,1.024693489074707,0.06958603858947754
