id,name,n_samples,n_features,rows_removed,cols_removed,fold,model,r2,fit_duration,predict_duration,min_sample_leaf,min_sample_alpha,min_sample_fit,max_depth,max_model_depth,n_features_node,m_features_tree,alpha
10,Automobile,159,25,46,0,1,RF,0.7686035928143713,0.08146548271179199,0.004202365875244141,,,,,,,,
10,Automobile,159,25,46,0,1,XGB,0.7809989794407617,0.09099102020263672,0.0023217201232910156,,,,,,,,
10,Automobile,159,25,46,0,1,CPF 0,0.816683739455654,0.032616376876831055,0.0001914501190185547,1.0,2.0,2.0,10.0,100.0,1,1.0,0.0
10,Automobile,159,25,46,0,1,CPF 1,0.7498789122022225,0.02930736541748047,0.00019025802612304688,1.0,2.0,2.0,10.0,100.0,1,1.0,0.001
10,Automobile,159,25,46,0,1,CPF 2,0.7556251998921435,0.026200532913208008,0.00018906593322753906,1.0,2.0,2.0,10.0,100.0,1,1.0,0.01
10,Automobile,159,25,46,0,1,CPF 3,0.7372173225969341,0.03009653091430664,0.0001995563507080078,1.0,2.0,2.0,10.0,100.0,1,1.0,0.1
10,Automobile,159,25,46,0,1,CPF 4,0.7826444235879267,0.03253984451293945,0.00017642974853515625,1.0,2.0,2.0,10.0,100.0,1,1.0,1.0
10,Automobile,159,25,46,0,1,CPF 5,0.7430174090182784,0.007199764251708984,0.00013113021850585938,1.0,2.0,2.0,10.0,100.0,sqrt,1.0,0.0
10,Automobile,159,25,46,0,1,CPF 6,0.7366549747374201,0.007146596908569336,0.00014829635620117188,1.0,2.0,2.0,10.0,100.0,sqrt,1.0,0.001
10,Automobile,159,25,46,0,1,CPF 7,0.7732939346720923,0.007352590560913086,0.00016236305236816406,1.0,2.0,2.0,10.0,100.0,sqrt,1.0,0.01
10,Automobile,159,25,46,0,1,CPF 8,0.7164247803672945,0.007451057434082031,0.0001533031463623047,1.0,2.0,2.0,10.0,100.0,sqrt,1.0,0.1
10,Automobile,159,25,46,0,1,CPF 9,0.6755424873245539,0.0058476924896240234,0.00011873245239257812,1.0,2.0,2.0,10.0,100.0,sqrt,1.0,1.0
10,Automobile,159,25,46,0,1,CPF 10,0.8457530836319884,0.020331859588623047,0.00016736984252929688,1.0,2.0,2.0,10.0,100.0,0.7,1.0,0.0
10,Automobile,159,25,46,0,1,CPF 11,0.8360550499242224,0.019644498825073242,0.00018739700317382812,1.0,2.0,2.0,10.0,100.0,0.7,1.0,0.001
10,Automobile,159,25,46,0,1,CPF 12,0.7955369249176603,0.0224454402923584,0.0002079010009765625,1.0,2.0,2.0,10.0,100.0,0.7,1.0,0.01
10,Automobile,159,25,46,0,1,CPF 13,0.6830315240447336,0.023918867111206055,0.0002720355987548828,1.0,2.0,2.0,10.0,100.0,0.7,1.0,0.1
10,Automobile,159,25,46,0,1,CPF 14,0.7790745992834132,0.02305126190185547,0.00018095970153808594,1.0,2.0,2.0,10.0,100.0,0.7,1.0,1.0
10,Automobile,159,25,46,0,1,CPF 15,0.7783061626801966,0.02790355682373047,0.00019025802612304688,1.0,2.0,2.0,20.0,100.0,1,1.0,0.0
10,Automobile,159,25,46,0,1,CPF 16,0.7895068556594285,0.02931690216064453,0.00016260147094726562,1.0,2.0,2.0,20.0,100.0,1,1.0,0.001
10,Automobile,159,25,46,0,1,CPF 17,0.7828784978312693,0.028357744216918945,0.00017523765563964844,1.0,2.0,2.0,20.0,100.0,1,1.0,0.01
10,Automobile,159,25,46,0,1,CPF 18,0.791275291293825,0.04459500312805176,0.0003502368927001953,1.0,2.0,2.0,20.0,100.0,1,1.0,0.1
10,Automobile,159,25,46,0,1,CPF 19,0.7481066037847358,0.037697792053222656,0.00021147727966308594,1.0,2.0,2.0,20.0,100.0,1,1.0,1.0
10,Automobile,159,25,46,0,1,CPF 20,0.6403700176870232,0.008003711700439453,0.00018095970153808594,1.0,2.0,2.0,20.0,100.0,sqrt,1.0,0.0
10,Automobile,159,25,46,0,1,CPF 21,0.6695617222361473,0.008202791213989258,0.00016117095947265625,1.0,2.0,2.0,20.0,100.0,sqrt,1.0,0.001
10,Automobile,159,25,46,0,1,CPF 22,0.6929882935485787,0.0077762603759765625,0.00015783309936523438,1.0,2.0,2.0,20.0,100.0,sqrt,1.0,0.01
10,Automobile,159,25,46,0,1,CPF 23,0.681896041564119,0.007718086242675781,0.00015497207641601562,1.0,2.0,2.0,20.0,100.0,sqrt,1.0,0.1
10,Automobile,159,25,46,0,1,CPF 24,0.7398565748708781,0.006754398345947266,0.00012969970703125,1.0,2.0,2.0,20.0,100.0,sqrt,1.0,1.0
10,Automobile,159,25,46,0,1,CPF 25,0.7382751457119299,0.02203512191772461,0.00021600723266601562,1.0,2.0,2.0,20.0,100.0,0.7,1.0,0.0
10,Automobile,159,25,46,0,1,CPF 26,0.8196896276291239,0.01889967918395996,0.00017523765563964844,1.0,2.0,2.0,20.0,100.0,0.7,1.0,0.001
10,Automobile,159,25,46,0,1,CPF 27,0.7682676783342035,0.020709753036499023,0.00016307830810546875,1.0,2.0,2.0,20.0,100.0,0.7,1.0,0.01
10,Automobile,159,25,46,0,1,CPF 28,0.8302315869937602,0.018223285675048828,0.00016927719116210938,1.0,2.0,2.0,20.0,100.0,0.7,1.0,0.1
10,Automobile,159,25,46,0,1,CPF 29,0.8010861176189401,0.023620128631591797,0.00017142295837402344,1.0,2.0,2.0,20.0,100.0,0.7,1.0,1.0
10,Automobile,159,25,46,0,1,CPF 30,0.873763509181003,0.027701854705810547,0.00018835067749023438,1.0,2.0,2.0,50.0,100.0,1,1.0,0.0
10,Automobile,159,25,46,0,1,CPF 31,0.8222240686190594,0.028626680374145508,0.0001888275146484375,1.0,2.0,2.0,50.0,100.0,1,1.0,0.001
10,Automobile,159,25,46,0,1,CPF 32,0.7354649502904297,0.02719283103942871,0.00019216537475585938,1.0,2.0,2.0,50.0,100.0,1,1.0,0.01
10,Automobile,159,25,46,0,1,CPF 33,0.8367934492520396,0.028972387313842773,0.00017714500427246094,1.0,2.0,2.0,50.0,100.0,1,1.0,0.1
10,Automobile,159,25,46,0,1,CPF 34,0.8064444453118186,0.033164262771606445,0.0001742839813232422,1.0,2.0,2.0,50.0,100.0,1,1.0,1.0
10,Automobile,159,25,46,0,1,CPF 35,0.7635399861262926,0.007901668548583984,0.0003376007080078125,1.0,2.0,2.0,50.0,100.0,sqrt,1.0,0.0
10,Automobile,159,25,46,0,1,CPF 36,0.7682597453782949,0.007490396499633789,0.00016021728515625,1.0,2.0,2.0,50.0,100.0,sqrt,1.0,0.001
10,Automobile,159,25,46,0,1,CPF 37,0.7157241828514627,0.008035659790039062,0.00016164779663085938,1.0,2.0,2.0,50.0,100.0,sqrt,1.0,0.01
10,Automobile,159,25,46,0,1,CPF 38,0.7500652500235623,0.009118795394897461,0.0002090930938720703,1.0,2.0,2.0,50.0,100.0,sqrt,1.0,0.1
10,Automobile,159,25,46,0,1,CPF 39,0.5799416790592634,0.006906032562255859,0.00012230873107910156,1.0,2.0,2.0,50.0,100.0,sqrt,1.0,1.0
10,Automobile,159,25,46,0,1,CPF 40,0.7105402886767194,0.018242835998535156,0.00019502639770507812,1.0,2.0,2.0,50.0,100.0,0.7,1.0,0.0
10,Automobile,159,25,46,0,1,CPF 41,0.7706345400628856,0.018841266632080078,0.00015282630920410156,1.0,2.0,2.0,50.0,100.0,0.7,1.0,0.001
10,Automobile,159,25,46,0,1,CPF 42,0.6879272877623848,0.0187225341796875,0.0001773834228515625,1.0,2.0,2.0,50.0,100.0,0.7,1.0,0.01
10,Automobile,159,25,46,0,1,CPF 43,0.8533066319924183,0.01844048500061035,0.00023221969604492188,1.0,2.0,2.0,50.0,100.0,0.7,1.0,0.1
10,Automobile,159,25,46,0,1,CPF 44,0.8191777012010093,0.02182149887084961,0.00016069412231445312,1.0,2.0,2.0,50.0,100.0,0.7,1.0,1.0
10,Automobile,159,25,46,0,1,CPF 45,0.7911911815302348,0.04076433181762695,0.0002295970916748047,5.0,2.0,2.0,10.0,100.0,1,1.0,0.0
10,Automobile,159,25,46,0,1,CPF 46,0.7561309532384393,0.04619264602661133,0.0002639293670654297,5.0,2.0,2.0,10.0,100.0,1,1.0,0.001
10,Automobile,159,25,46,0,1,CPF 47,0.7722999624518198,0.0402829647064209,0.00021886825561523438,5.0,2.0,2.0,10.0,100.0,1,1.0,0.01
10,Automobile,159,25,46,0,1,CPF 48,0.7859751962163017,0.03386330604553223,0.00018858909606933594,5.0,2.0,2.0,10.0,100.0,1,1.0,0.1
10,Automobile,159,25,46,0,1,CPF 49,0.7815399997950865,0.03323006629943848,0.00013256072998046875,5.0,2.0,2.0,10.0,100.0,1,1.0,1.0
10,Automobile,159,25,46,0,1,CPF 50,0.6061992911439813,0.0067005157470703125,0.00013065338134765625,5.0,2.0,2.0,10.0,100.0,sqrt,1.0,0.0
10,Automobile,159,25,46,0,1,CPF 51,0.6715357319021652,0.006115913391113281,0.00010561943054199219,5.0,2.0,2.0,10.0,100.0,sqrt,1.0,0.001
10,Automobile,159,25,46,0,1,CPF 52,0.7407370871385253,0.0066301822662353516,0.00012350082397460938,5.0,2.0,2.0,10.0,100.0,sqrt,1.0,0.01
10,Automobile,159,25,46,0,1,CPF 53,0.6621877615436899,0.006566524505615234,0.00013113021850585938,5.0,2.0,2.0,10.0,100.0,sqrt,1.0,0.1
10,Automobile,159,25,46,0,1,CPF 54,0.7206862280166211,0.0062220096588134766,0.0001068115234375,5.0,2.0,2.0,10.0,100.0,sqrt,1.0,1.0
10,Automobile,159,25,46,0,1,CPF 55,0.7345286832928393,0.024410009384155273,0.0001971721649169922,5.0,2.0,2.0,10.0,100.0,0.7,1.0,0.0
10,Automobile,159,25,46,0,1,CPF 56,0.7960393449137027,0.02205801010131836,0.00016999244689941406,5.0,2.0,2.0,10.0,100.0,0.7,1.0,0.001
10,Automobile,159,25,46,0,1,CPF 57,0.817107169371488,0.02077484130859375,0.00018143653869628906,5.0,2.0,2.0,10.0,100.0,0.7,1.0,0.01
10,Automobile,159,25,46,0,1,CPF 58,0.7493453135130248,0.021956920623779297,0.00016546249389648438,5.0,2.0,2.0,10.0,100.0,0.7,1.0,0.1
10,Automobile,159,25,46,0,1,CPF 59,0.817698862846345,0.018768310546875,0.000152587890625,5.0,2.0,2.0,10.0,100.0,0.7,1.0,1.0
10,Automobile,159,25,46,0,1,CPF 60,0.7828988684970664,0.0392909049987793,0.00024580955505371094,5.0,2.0,2.0,20.0,100.0,1,1.0,0.0
10,Automobile,159,25,46,0,1,CPF 61,0.8589659626537699,0.03752732276916504,0.00027179718017578125,5.0,2.0,2.0,20.0,100.0,1,1.0,0.001
10,Automobile,159,25,46,0,1,CPF 62,0.7857678286425425,0.041114091873168945,0.0002803802490234375,5.0,2.0,2.0,20.0,100.0,1,1.0,0.01
10,Automobile,159,25,46,0,1,CPF 63,0.780131577061606,0.04422497749328613,0.0002961158752441406,5.0,2.0,2.0,20.0,100.0,1,1.0,0.1
10,Automobile,159,25,46,0,1,CPF 64,0.7798849282960543,0.02933025360107422,0.0001773834228515625,5.0,2.0,2.0,20.0,100.0,1,1.0,1.0
10,Automobile,159,25,46,0,1,CPF 65,0.7421696513254556,0.007426023483276367,0.0001366138458251953,5.0,2.0,2.0,20.0,100.0,sqrt,1.0,0.0
10,Automobile,159,25,46,0,1,CPF 66,0.7391968450370893,0.006568193435668945,0.00011372566223144531,5.0,2.0,2.0,20.0,100.0,sqrt,1.0,0.001
10,Automobile,159,25,46,0,1,CPF 67,0.770525622747483,0.006778717041015625,0.00012540817260742188,5.0,2.0,2.0,20.0,100.0,sqrt,1.0,0.01
10,Automobile,159,25,46,0,1,CPF 68,0.7249996240898919,0.0068531036376953125,0.00011587142944335938,5.0,2.0,2.0,20.0,100.0,sqrt,1.0,0.1
10,Automobile,159,25,46,0,1,CPF 69,0.6829239651200536,0.00578761100769043,9.226799011230469e-05,5.0,2.0,2.0,20.0,100.0,sqrt,1.0,1.0
10,Automobile,159,25,46,0,1,CPF 70,0.7021554997624184,0.02531576156616211,0.00018072128295898438,5.0,2.0,2.0,20.0,100.0,0.7,1.0,0.0
10,Automobile,159,25,46,0,1,CPF 71,0.683425891737496,0.023337364196777344,0.0001780986785888672,5.0,2.0,2.0,20.0,100.0,0.7,1.0,0.001
10,Automobile,159,25,46,0,1,CPF 72,0.7836623927377266,0.022826194763183594,0.0001773834228515625,5.0,2.0,2.0,20.0,100.0,0.7,1.0,0.01
10,Automobile,159,25,46,0,1,CPF 73,0.7289004678575233,0.02265477180480957,0.00020360946655273438,5.0,2.0,2.0,20.0,100.0,0.7,1.0,0.1
10,Automobile,159,25,46,0,1,CPF 74,0.8132314581371272,0.019994020462036133,0.00015163421630859375,5.0,2.0,2.0,20.0,100.0,0.7,1.0,1.0
10,Automobile,159,25,46,0,1,CPF 75,0.7708892353545597,0.03720712661743164,0.00021958351135253906,5.0,2.0,2.0,50.0,100.0,1,1.0,0.0
10,Automobile,159,25,46,0,1,CPF 76,0.800609793909866,0.038341522216796875,0.0002810955047607422,5.0,2.0,2.0,50.0,100.0,1,1.0,0.001
10,Automobile,159,25,46,0,1,CPF 77,0.7537698014902644,0.0359959602355957,0.0002288818359375,5.0,2.0,2.0,50.0,100.0,1,1.0,0.01
10,Automobile,159,25,46,0,1,CPF 78,0.8051594117180672,0.037473201751708984,0.0001964569091796875,5.0,2.0,2.0,50.0,100.0,1,1.0,0.1
10,Automobile,159,25,46,0,1,CPF 79,0.8255307950640056,0.03100109100341797,0.0001347064971923828,5.0,2.0,2.0,50.0,100.0,1,1.0,1.0
10,Automobile,159,25,46,0,1,CPF 80,0.7599760030825595,0.00635075569152832,0.00011038780212402344,5.0,2.0,2.0,50.0,100.0,sqrt,1.0,0.0
10,Automobile,159,25,46,0,1,CPF 81,0.7578539167248206,0.008395671844482422,0.0001494884490966797,5.0,2.0,2.0,50.0,100.0,sqrt,1.0,0.001
10,Automobile,159,25,46,0,1,CPF 82,0.8059900374594873,0.007460355758666992,0.00013208389282226562,5.0,2.0,2.0,50.0,100.0,sqrt,1.0,0.01
10,Automobile,159,25,46,0,1,CPF 83,0.6956291689312863,0.006985664367675781,0.00013256072998046875,5.0,2.0,2.0,50.0,100.0,sqrt,1.0,0.1
10,Automobile,159,25,46,0,1,CPF 84,0.6073772144021913,0.005778074264526367,0.00012993812561035156,5.0,2.0,2.0,50.0,100.0,sqrt,1.0,1.0
10,Automobile,159,25,46,0,1,CPF 85,0.7971115763524499,0.02296161651611328,0.0003228187561035156,5.0,2.0,2.0,50.0,100.0,0.7,1.0,0.0
10,Automobile,159,25,46,0,1,CPF 86,0.7641755374432169,0.026220083236694336,0.000209808349609375,5.0,2.0,2.0,50.0,100.0,0.7,1.0,0.001
10,Automobile,159,25,46,0,1,CPF 87,0.7889495752166081,0.024142980575561523,0.00021600723266601562,5.0,2.0,2.0,50.0,100.0,0.7,1.0,0.01
10,Automobile,159,25,46,0,1,CPF 88,0.8157656696766735,0.025429964065551758,0.0003764629364013672,5.0,2.0,2.0,50.0,100.0,0.7,1.0,0.1
10,Automobile,159,25,46,0,1,CPF 89,0.7835824133898108,0.02121877670288086,0.00016188621520996094,5.0,2.0,2.0,50.0,100.0,0.7,1.0,1.0
10,Automobile,159,25,46,0,1,CPF 90,0.7017984096797298,0.09323406219482422,0.0004711151123046875,10.0,2.0,2.0,10.0,100.0,1,1.0,0.0
10,Automobile,159,25,46,0,1,CPF 91,0.7739937973172821,0.08252120018005371,0.00037598609924316406,10.0,2.0,2.0,10.0,100.0,1,1.0,0.001
10,Automobile,159,25,46,0,1,CPF 92,0.8023371384889132,0.07741451263427734,0.00037169456481933594,10.0,2.0,2.0,10.0,100.0,1,1.0,0.01
10,Automobile,159,25,46,0,1,CPF 93,0.8114444841749151,0.057805538177490234,0.0006487369537353516,10.0,2.0,2.0,10.0,100.0,1,1.0,0.1
10,Automobile,159,25,46,0,1,CPF 94,0.7922137140635251,0.027670860290527344,0.00015807151794433594,10.0,2.0,2.0,10.0,100.0,1,1.0,1.0
10,Automobile,159,25,46,0,1,CPF 95,0.7557904641344443,0.007005214691162109,0.00014901161193847656,10.0,2.0,2.0,10.0,100.0,sqrt,1.0,0.0
10,Automobile,159,25,46,0,1,CPF 96,0.7153661014376641,0.007863998413085938,0.0001614093780517578,10.0,2.0,2.0,10.0,100.0,sqrt,1.0,0.001
10,Automobile,159,25,46,0,1,CPF 97,0.6914433685649348,0.007685184478759766,0.00015664100646972656,10.0,2.0,2.0,10.0,100.0,sqrt,1.0,0.01
10,Automobile,159,25,46,0,1,CPF 98,0.6570941942192361,0.006279945373535156,0.0001697540283203125,10.0,2.0,2.0,10.0,100.0,sqrt,1.0,0.1
10,Automobile,159,25,46,0,1,CPF 99,0.5965780890298749,0.005641460418701172,0.0001049041748046875,10.0,2.0,2.0,10.0,100.0,sqrt,1.0,1.0
10,Automobile,159,25,46,0,1,CPF 100,0.783167782402895,0.038649559020996094,0.00029754638671875,10.0,2.0,2.0,10.0,100.0,0.7,1.0,0.0
10,Automobile,159,25,46,0,1,CPF 101,0.6746031182200264,0.04117536544799805,0.00026607513427734375,10.0,2.0,2.0,10.0,100.0,0.7,1.0,0.001
10,Automobile,159,25,46,0,1,CPF 102,0.7313764158426449,0.04294610023498535,0.00028896331787109375,10.0,2.0,2.0,10.0,100.0,0.7,1.0,0.01
10,Automobile,159,25,46,0,1,CPF 103,0.7732937503463674,0.029387712478637695,0.00022172927856445312,10.0,2.0,2.0,10.0,100.0,0.7,1.0,0.1
10,Automobile,159,25,46,0,1,CPF 104,0.781166211074787,0.0177462100982666,0.00018525123596191406,10.0,2.0,2.0,10.0,100.0,0.7,1.0,1.0
10,Automobile,159,25,46,0,1,CPF 105,0.7606096255072475,0.07107949256896973,0.0007774829864501953,10.0,2.0,2.0,20.0,100.0,1,1.0,0.0
10,Automobile,159,25,46,0,1,CPF 106,0.7700360163668304,0.0703270435333252,0.00031375885009765625,10.0,2.0,2.0,20.0,100.0,1,1.0,0.001
10,Automobile,159,25,46,0,1,CPF 107,0.7595713458836427,0.0567629337310791,0.00028705596923828125,10.0,2.0,2.0,20.0,100.0,1,1.0,0.01
10,Automobile,159,25,46,0,1,CPF 108,0.7952873585713796,0.05432415008544922,0.000270843505859375,10.0,2.0,2.0,20.0,100.0,1,1.0,0.1
10,Automobile,159,25,46,0,1,CPF 109,0.8363076978860289,0.031050682067871094,0.00014162063598632812,10.0,2.0,2.0,20.0,100.0,1,1.0,1.0
10,Automobile,159,25,46,0,1,CPF 110,0.6647244112066621,0.008356094360351562,0.00015878677368164062,10.0,2.0,2.0,20.0,100.0,sqrt,1.0,0.0
10,Automobile,159,25,46,0,1,CPF 111,0.6624882685681865,0.009233474731445312,0.00020360946655273438,10.0,2.0,2.0,20.0,100.0,sqrt,1.0,0.001
10,Automobile,159,25,46,0,1,CPF 112,0.6552908277886407,0.007614850997924805,0.0001671314239501953,10.0,2.0,2.0,20.0,100.0,sqrt,1.0,0.01
10,Automobile,159,25,46,0,1,CPF 113,0.7004492405737072,0.006670951843261719,0.00010824203491210938,10.0,2.0,2.0,20.0,100.0,sqrt,1.0,0.1
10,Automobile,159,25,46,0,1,CPF 114,0.587506309455535,0.005323171615600586,0.00010251998901367188,10.0,2.0,2.0,20.0,100.0,sqrt,1.0,1.0
10,Automobile,159,25,46,0,1,CPF 115,0.7914078367565974,0.04398488998413086,0.00029468536376953125,10.0,2.0,2.0,20.0,100.0,0.7,1.0,0.0
10,Automobile,159,25,46,0,1,CPF 116,0.7211396435358941,0.03438615798950195,0.0002532005310058594,10.0,2.0,2.0,20.0,100.0,0.7,1.0,0.001
10,Automobile,159,25,46,0,1,CPF 117,0.788646975840084,0.04111886024475098,0.00026869773864746094,10.0,2.0,2.0,20.0,100.0,0.7,1.0,0.01
10,Automobile,159,25,46,0,1,CPF 118,0.7788174514406772,0.03432345390319824,0.00032019615173339844,10.0,2.0,2.0,20.0,100.0,0.7,1.0,0.1
10,Automobile,159,25,46,0,1,CPF 119,0.7737080455225207,0.01750969886779785,0.00015044212341308594,10.0,2.0,2.0,20.0,100.0,0.7,1.0,1.0
10,Automobile,159,25,46,0,1,CPF 120,0.7453778340227458,0.06861066818237305,0.0006954669952392578,10.0,2.0,2.0,50.0,100.0,1,1.0,0.0
10,Automobile,159,25,46,0,1,CPF 121,0.7537569641527155,0.07219338417053223,0.0003628730773925781,10.0,2.0,2.0,50.0,100.0,1,1.0,0.001
10,Automobile,159,25,46,0,1,CPF 122,0.703423301126693,0.07413673400878906,0.00036144256591796875,10.0,2.0,2.0,50.0,100.0,1,1.0,0.01
10,Automobile,159,25,46,0,1,CPF 123,0.6987989178484163,0.05963420867919922,0.0007762908935546875,10.0,2.0,2.0,50.0,100.0,1,1.0,0.1
10,Automobile,159,25,46,0,1,CPF 124,0.7706725411019519,0.025902986526489258,0.000152587890625,10.0,2.0,2.0,50.0,100.0,1,1.0,1.0
10,Automobile,159,25,46,0,1,CPF 125,0.6491290236941611,0.006653785705566406,0.00011873245239257812,10.0,2.0,2.0,50.0,100.0,sqrt,1.0,0.0
10,Automobile,159,25,46,0,1,CPF 126,0.6499130716561344,0.007194995880126953,0.00014209747314453125,10.0,2.0,2.0,50.0,100.0,sqrt,1.0,0.001
10,Automobile,159,25,46,0,1,CPF 127,0.6389444743396532,0.007088661193847656,0.0001354217529296875,10.0,2.0,2.0,50.0,100.0,sqrt,1.0,0.01
10,Automobile,159,25,46,0,1,CPF 128,0.651986417960523,0.006506681442260742,0.0001494884490966797,10.0,2.0,2.0,50.0,100.0,sqrt,1.0,0.1
10,Automobile,159,25,46,0,1,CPF 129,0.5094121877402706,0.005923748016357422,0.0001285076141357422,10.0,2.0,2.0,50.0,100.0,sqrt,1.0,1.0
10,Automobile,159,25,46,0,1,CPF 130,0.784611063184578,0.036702632904052734,0.00025177001953125,10.0,2.0,2.0,50.0,100.0,0.7,1.0,0.0
10,Automobile,159,25,46,0,1,CPF 131,0.765611216185785,0.0382692813873291,0.00026988983154296875,10.0,2.0,2.0,50.0,100.0,0.7,1.0,0.001
10,Automobile,159,25,46,0,1,CPF 132,0.6729575737102884,0.03990650177001953,0.0002543926239013672,10.0,2.0,2.0,50.0,100.0,0.7,1.0,0.01
10,Automobile,159,25,46,0,1,CPF 133,0.7336964242484733,0.03210020065307617,0.00022149085998535156,10.0,2.0,2.0,50.0,100.0,0.7,1.0,0.1
10,Automobile,159,25,46,0,1,CPF 134,0.8101452009338683,0.017670154571533203,0.00012731552124023438,10.0,2.0,2.0,50.0,100.0,0.7,1.0,1.0
10,Automobile,159,25,46,0,2,RF,0.6070740116655866,0.07665753364562988,0.002454519271850586,,,,,,,,
10,Automobile,159,25,46,0,2,XGB,0.38836031475904653,0.04486823081970215,0.0025386810302734375,,,,,,,,
10,Automobile,159,25,46,0,2,CPF 0,0.3024788579589728,0.029045581817626953,0.00017786026000976562,1.0,2.0,2.0,10.0,100.0,1,1.0,0.0
10,Automobile,159,25,46,0,2,CPF 1,0.38790687812383584,0.024572372436523438,0.00015234947204589844,1.0,2.0,2.0,10.0,100.0,1,1.0,0.001
10,Automobile,159,25,46,0,2,CPF 2,0.39087145379620936,0.02695322036743164,0.0001780986785888672,1.0,2.0,2.0,10.0,100.0,1,1.0,0.01
10,Automobile,159,25,46,0,2,CPF 3,0.4305626836223103,0.027956008911132812,0.00016546249389648438,1.0,2.0,2.0,10.0,100.0,1,1.0,0.1
10,Automobile,159,25,46,0,2,CPF 4,0.46798267593499787,0.028908729553222656,0.00017547607421875,1.0,2.0,2.0,10.0,100.0,1,1.0,1.0
10,Automobile,159,25,46,0,2,CPF 5,0.6318247808661973,0.008317232131958008,0.00017070770263671875,1.0,2.0,2.0,10.0,100.0,sqrt,1.0,0.0
10,Automobile,159,25,46,0,2,CPF 6,0.6528909059546042,0.0077745914459228516,0.00015878677368164062,1.0,2.0,2.0,10.0,100.0,sqrt,1.0,0.001
10,Automobile,159,25,46,0,2,CPF 7,0.6387653994485382,0.007524967193603516,0.00013828277587890625,1.0,2.0,2.0,10.0,100.0,sqrt,1.0,0.01
10,Automobile,159,25,46,0,2,CPF 8,0.7719702027707032,0.007973194122314453,0.00015401840209960938,1.0,2.0,2.0,10.0,100.0,sqrt,1.0,0.1
10,Automobile,159,25,46,0,2,CPF 9,0.5756684899421252,0.005795001983642578,0.0001125335693359375,1.0,2.0,2.0,10.0,100.0,sqrt,1.0,1.0
10,Automobile,159,25,46,0,2,CPF 10,0.44704625174039747,0.020093917846679688,0.00016427040100097656,1.0,2.0,2.0,10.0,100.0,0.7,1.0,0.0
10,Automobile,159,25,46,0,2,CPF 11,0.3561869562171939,0.021157264709472656,0.00016641616821289062,1.0,2.0,2.0,10.0,100.0,0.7,1.0,0.001
10,Automobile,159,25,46,0,2,CPF 12,0.6139628880989811,0.019163131713867188,0.00016236305236816406,1.0,2.0,2.0,10.0,100.0,0.7,1.0,0.01
10,Automobile,159,25,46,0,2,CPF 13,0.5740646617546714,0.019110441207885742,0.0001823902130126953,1.0,2.0,2.0,10.0,100.0,0.7,1.0,0.1
10,Automobile,159,25,46,0,2,CPF 14,0.5573153216303304,0.019451141357421875,0.00013947486877441406,1.0,2.0,2.0,10.0,100.0,0.7,1.0,1.0
10,Automobile,159,25,46,0,2,CPF 15,0.5091000643064649,0.027035236358642578,0.00016760826110839844,1.0,2.0,2.0,20.0,100.0,1,1.0,0.0
10,Automobile,159,25,46,0,2,CPF 16,0.2800445537505356,0.026494979858398438,0.00015282630920410156,1.0,2.0,2.0,20.0,100.0,1,1.0,0.001
10,Automobile,159,25,46,0,2,CPF 17,0.4656196812519472,0.028353452682495117,0.00020360946655273438,1.0,2.0,2.0,20.0,100.0,1,1.0,0.01
10,Automobile,159,25,46,0,2,CPF 18,0.48857268558640654,0.028617382049560547,0.00017833709716796875,1.0,2.0,2.0,20.0,100.0,1,1.0,0.1
10,Automobile,159,25,46,0,2,CPF 19,0.508721526896799,0.03022909164428711,0.00015234947204589844,1.0,2.0,2.0,20.0,100.0,1,1.0,1.0
10,Automobile,159,25,46,0,2,CPF 20,0.7546368923066956,0.00801396369934082,0.00014829635620117188,1.0,2.0,2.0,20.0,100.0,sqrt,1.0,0.0
10,Automobile,159,25,46,0,2,CPF 21,0.5164955298241788,0.008807659149169922,0.0001552104949951172,1.0,2.0,2.0,20.0,100.0,sqrt,1.0,0.001
10,Automobile,159,25,46,0,2,CPF 22,0.6782015889605126,0.007407665252685547,0.0001251697540283203,1.0,2.0,2.0,20.0,100.0,sqrt,1.0,0.01
10,Automobile,159,25,46,0,2,CPF 23,0.7305108515426724,0.007895946502685547,0.00014853477478027344,1.0,2.0,2.0,20.0,100.0,sqrt,1.0,0.1
10,Automobile,159,25,46,0,2,CPF 24,0.5163987342392133,0.0068018436431884766,0.0001246929168701172,1.0,2.0,2.0,20.0,100.0,sqrt,1.0,1.0
10,Automobile,159,25,46,0,2,CPF 25,0.5704911554106923,0.022191524505615234,0.00016427040100097656,1.0,2.0,2.0,20.0,100.0,0.7,1.0,0.0
10,Automobile,159,25,46,0,2,CPF 26,0.5018282045220539,0.018420934677124023,0.000156402587890625,1.0,2.0,2.0,20.0,100.0,0.7,1.0,0.001
10,Automobile,159,25,46,0,2,CPF 27,0.6406401414152394,0.020454883575439453,0.0001766681671142578,1.0,2.0,2.0,20.0,100.0,0.7,1.0,0.01
10,Automobile,159,25,46,0,2,CPF 28,0.435615884735158,0.02059316635131836,0.0002396106719970703,1.0,2.0,2.0,20.0,100.0,0.7,1.0,0.1
10,Automobile,159,25,46,0,2,CPF 29,0.5103924556985766,0.020735502243041992,0.0001461505889892578,1.0,2.0,2.0,20.0,100.0,0.7,1.0,1.0
10,Automobile,159,25,46,0,2,CPF 30,0.2850222396157359,0.02747201919555664,0.0001862049102783203,1.0,2.0,2.0,50.0,100.0,1,1.0,0.0
10,Automobile,159,25,46,0,2,CPF 31,0.5783291305728113,0.02582859992980957,0.00014781951904296875,1.0,2.0,2.0,50.0,100.0,1,1.0,0.001
10,Automobile,159,25,46,0,2,CPF 32,0.3043520564870621,0.02547001838684082,0.0001590251922607422,1.0,2.0,2.0,50.0,100.0,1,1.0,0.01
10,Automobile,159,25,46,0,2,CPF 33,0.3175834546931151,0.02819085121154785,0.00019049644470214844,1.0,2.0,2.0,50.0,100.0,1,1.0,0.1
10,Automobile,159,25,46,0,2,CPF 34,0.21531382604351035,0.028562068939208984,0.0001442432403564453,1.0,2.0,2.0,50.0,100.0,1,1.0,1.0
10,Automobile,159,25,46,0,2,CPF 35,0.47153071857886275,0.007492780685424805,0.0001277923583984375,1.0,2.0,2.0,50.0,100.0,sqrt,1.0,0.0
10,Automobile,159,25,46,0,2,CPF 36,0.5047534596313099,0.00821828842163086,0.0001614093780517578,1.0,2.0,2.0,50.0,100.0,sqrt,1.0,0.001
10,Automobile,159,25,46,0,2,CPF 37,0.6404311133384408,0.007576942443847656,0.00014543533325195312,1.0,2.0,2.0,50.0,100.0,sqrt,1.0,0.01
10,Automobile,159,25,46,0,2,CPF 38,0.6814562210336133,0.0075795650482177734,0.0001327991485595703,1.0,2.0,2.0,50.0,100.0,sqrt,1.0,0.1
10,Automobile,159,25,46,0,2,CPF 39,0.5941567275433177,0.005253314971923828,9.894371032714844e-05,1.0,2.0,2.0,50.0,100.0,sqrt,1.0,1.0
10,Automobile,159,25,46,0,2,CPF 40,0.46184300982579174,0.02182769775390625,0.0001652240753173828,1.0,2.0,2.0,50.0,100.0,0.7,1.0,0.0
10,Automobile,159,25,46,0,2,CPF 41,0.5148110694627287,0.02019333839416504,0.00023174285888671875,1.0,2.0,2.0,50.0,100.0,0.7,1.0,0.001
10,Automobile,159,25,46,0,2,CPF 42,0.4842103473633733,0.020197391510009766,0.00016880035400390625,1.0,2.0,2.0,50.0,100.0,0.7,1.0,0.01
10,Automobile,159,25,46,0,2,CPF 43,0.45732944535166964,0.020960330963134766,0.00015807151794433594,1.0,2.0,2.0,50.0,100.0,0.7,1.0,0.1
10,Automobile,159,25,46,0,2,CPF 44,0.6244007961688589,0.01975703239440918,0.00015211105346679688,1.0,2.0,2.0,50.0,100.0,0.7,1.0,1.0
10,Automobile,159,25,46,0,2,CPF 45,0.4324648667421972,0.04348134994506836,0.00021338462829589844,5.0,2.0,2.0,10.0,100.0,1,1.0,0.0
10,Automobile,159,25,46,0,2,CPF 46,0.696526068033011,0.04775404930114746,0.000232696533203125,5.0,2.0,2.0,10.0,100.0,1,1.0,0.001
10,Automobile,159,25,46,0,2,CPF 47,0.352209021849875,0.04172110557556152,0.00025534629821777344,5.0,2.0,2.0,10.0,100.0,1,1.0,0.01
10,Automobile,159,25,46,0,2,CPF 48,0.27858453055305976,0.03743386268615723,0.00024771690368652344,5.0,2.0,2.0,10.0,100.0,1,1.0,0.1
10,Automobile,159,25,46,0,2,CPF 49,0.5325401329393608,0.02757549285888672,0.0001575946807861328,5.0,2.0,2.0,10.0,100.0,1,1.0,1.0
10,Automobile,159,25,46,0,2,CPF 50,0.6259063108373953,0.006567239761352539,0.00011372566223144531,5.0,2.0,2.0,10.0,100.0,sqrt,1.0,0.0
10,Automobile,159,25,46,0,2,CPF 51,0.6298186476412413,0.007424354553222656,0.00012493133544921875,5.0,2.0,2.0,10.0,100.0,sqrt,1.0,0.001
10,Automobile,159,25,46,0,2,CPF 52,0.7569370750418789,0.006748199462890625,0.0001430511474609375,5.0,2.0,2.0,10.0,100.0,sqrt,1.0,0.01
10,Automobile,159,25,46,0,2,CPF 53,0.6421543564513463,0.0076160430908203125,0.00019478797912597656,5.0,2.0,2.0,10.0,100.0,sqrt,1.0,0.1
10,Automobile,159,25,46,0,2,CPF 54,0.6811871125638314,0.006508827209472656,0.00012755393981933594,5.0,2.0,2.0,10.0,100.0,sqrt,1.0,1.0
10,Automobile,159,25,46,0,2,CPF 55,0.5088905792972549,0.02634596824645996,0.00038123130798339844,5.0,2.0,2.0,10.0,100.0,0.7,1.0,0.0
10,Automobile,159,25,46,0,2,CPF 56,0.5259783619993141,0.028802871704101562,0.0002770423889160156,5.0,2.0,2.0,10.0,100.0,0.7,1.0,0.001
10,Automobile,159,25,46,0,2,CPF 57,0.6421081888106268,0.033425092697143555,0.0005300045013427734,5.0,2.0,2.0,10.0,100.0,0.7,1.0,0.01
10,Automobile,159,25,46,0,2,CPF 58,0.5008385950626477,0.029130220413208008,0.0003159046173095703,5.0,2.0,2.0,10.0,100.0,0.7,1.0,0.1
10,Automobile,159,25,46,0,2,CPF 59,0.35134895431363933,0.019520998001098633,0.00014519691467285156,5.0,2.0,2.0,10.0,100.0,0.7,1.0,1.0
10,Automobile,159,25,46,0,2,CPF 60,0.5175705521098817,0.0400080680847168,0.00023818016052246094,5.0,2.0,2.0,20.0,100.0,1,1.0,0.0
10,Automobile,159,25,46,0,2,CPF 61,0.3151068844816324,0.04457807540893555,0.00032258033752441406,5.0,2.0,2.0,20.0,100.0,1,1.0,0.001
10,Automobile,159,25,46,0,2,CPF 62,0.3471587067977696,0.05095410346984863,0.00029540061950683594,5.0,2.0,2.0,20.0,100.0,1,1.0,0.01
10,Automobile,159,25,46,0,2,CPF 63,0.34752975850530177,0.0393524169921875,0.00021386146545410156,5.0,2.0,2.0,20.0,100.0,1,1.0,0.1
10,Automobile,159,25,46,0,2,CPF 64,0.4178045370636646,0.02957010269165039,0.0001926422119140625,5.0,2.0,2.0,20.0,100.0,1,1.0,1.0
10,Automobile,159,25,46,0,2,CPF 65,0.6206811120108169,0.008242130279541016,0.0002646446228027344,5.0,2.0,2.0,20.0,100.0,sqrt,1.0,0.0
10,Automobile,159,25,46,0,2,CPF 66,0.6143459536873812,0.009668827056884766,0.00015044212341308594,5.0,2.0,2.0,20.0,100.0,sqrt,1.0,0.001
10,Automobile,159,25,46,0,2,CPF 67,0.4646299857258067,0.007319927215576172,0.000152587890625,5.0,2.0,2.0,20.0,100.0,sqrt,1.0,0.01
10,Automobile,159,25,46,0,2,CPF 68,0.5719540174394686,0.010837078094482422,0.0002117156982421875,5.0,2.0,2.0,20.0,100.0,sqrt,1.0,0.1
10,Automobile,159,25,46,0,2,CPF 69,0.6395433782852731,0.006237030029296875,0.0001308917999267578,5.0,2.0,2.0,20.0,100.0,sqrt,1.0,1.0
10,Automobile,159,25,46,0,2,CPF 70,0.5682690398530015,0.025857210159301758,0.00026988983154296875,5.0,2.0,2.0,20.0,100.0,0.7,1.0,0.0
10,Automobile,159,25,46,0,2,CPF 71,0.6306832976595631,0.032149553298950195,0.00023865699768066406,5.0,2.0,2.0,20.0,100.0,0.7,1.0,0.001
10,Automobile,159,25,46,0,2,CPF 72,0.5965614250922122,0.032834529876708984,0.00039768218994140625,5.0,2.0,2.0,20.0,100.0,0.7,1.0,0.01
10,Automobile,159,25,46,0,2,CPF 73,0.6792015096077821,0.03304862976074219,0.00048732757568359375,5.0,2.0,2.0,20.0,100.0,0.7,1.0,0.1
10,Automobile,159,25,46,0,2,CPF 74,0.5669231524942911,0.026201725006103516,0.0001881122589111328,5.0,2.0,2.0,20.0,100.0,0.7,1.0,1.0
10,Automobile,159,25,46,0,2,CPF 75,0.47596128097658474,0.057677268981933594,0.0004458427429199219,5.0,2.0,2.0,50.0,100.0,1,1.0,0.0
10,Automobile,159,25,46,0,2,CPF 76,0.6175622040372066,0.05504322052001953,0.00037169456481933594,5.0,2.0,2.0,50.0,100.0,1,1.0,0.001
10,Automobile,159,25,46,0,2,CPF 77,0.421577412958029,0.0669698715209961,0.0004982948303222656,5.0,2.0,2.0,50.0,100.0,1,1.0,0.01
10,Automobile,159,25,46,0,2,CPF 78,0.6159168921708525,0.04744577407836914,0.00036525726318359375,5.0,2.0,2.0,50.0,100.0,1,1.0,0.1
10,Automobile,159,25,46,0,2,CPF 79,0.45955631367454197,0.04766654968261719,0.0002980232238769531,5.0,2.0,2.0,50.0,100.0,1,1.0,1.0
10,Automobile,159,25,46,0,2,CPF 80,0.6061348776300113,0.008227825164794922,0.00020837783813476562,5.0,2.0,2.0,50.0,100.0,sqrt,1.0,0.0
10,Automobile,159,25,46,0,2,CPF 81,0.47063977501483356,0.011244535446166992,0.00015044212341308594,5.0,2.0,2.0,50.0,100.0,sqrt,1.0,0.001
10,Automobile,159,25,46,0,2,CPF 82,0.653055817521176,0.007139682769775391,0.00012993812561035156,5.0,2.0,2.0,50.0,100.0,sqrt,1.0,0.01
10,Automobile,159,25,46,0,2,CPF 83,0.5960875832573763,0.007560253143310547,0.0001633167266845703,5.0,2.0,2.0,50.0,100.0,sqrt,1.0,0.1
10,Automobile,159,25,46,0,2,CPF 84,0.5876637978057462,0.006156444549560547,0.0001304149627685547,5.0,2.0,2.0,50.0,100.0,sqrt,1.0,1.0
10,Automobile,159,25,46,0,2,CPF 85,0.5651545740790389,0.025194406509399414,0.00021958351135253906,5.0,2.0,2.0,50.0,100.0,0.7,1.0,0.0
10,Automobile,159,25,46,0,2,CPF 86,0.4400402813584857,0.028684377670288086,0.000217437744140625,5.0,2.0,2.0,50.0,100.0,0.7,1.0,0.001
10,Automobile,159,25,46,0,2,CPF 87,0.5109262754645445,0.03054666519165039,0.0002605915069580078,5.0,2.0,2.0,50.0,100.0,0.7,1.0,0.01
10,Automobile,159,25,46,0,2,CPF 88,0.43169034281774565,0.022641897201538086,0.00016689300537109375,5.0,2.0,2.0,50.0,100.0,0.7,1.0,0.1
10,Automobile,159,25,46,0,2,CPF 89,0.3415243770409345,0.02055644989013672,0.00014066696166992188,5.0,2.0,2.0,50.0,100.0,0.7,1.0,1.0
10,Automobile,159,25,46,0,2,CPF 90,0.4190693365528527,0.07538127899169922,0.00043582916259765625,10.0,2.0,2.0,10.0,100.0,1,1.0,0.0
10,Automobile,159,25,46,0,2,CPF 91,0.35216572250653655,0.0852353572845459,0.0005719661712646484,10.0,2.0,2.0,10.0,100.0,1,1.0,0.001
10,Automobile,159,25,46,0,2,CPF 92,0.12347435294805342,0.08560633659362793,0.00041604042053222656,10.0,2.0,2.0,10.0,100.0,1,1.0,0.01
10,Automobile,159,25,46,0,2,CPF 93,0.4111088022475736,0.06985139846801758,0.0003542900085449219,10.0,2.0,2.0,10.0,100.0,1,1.0,0.1
10,Automobile,159,25,46,0,2,CPF 94,0.4491568806698676,0.04347634315490723,0.0002148151397705078,10.0,2.0,2.0,10.0,100.0,1,1.0,1.0
10,Automobile,159,25,46,0,2,CPF 95,0.6034151077879804,0.009549617767333984,0.00016808509826660156,10.0,2.0,2.0,10.0,100.0,sqrt,1.0,0.0
10,Automobile,159,25,46,0,2,CPF 96,0.5490170860322754,0.007384777069091797,0.00015115737915039062,10.0,2.0,2.0,10.0,100.0,sqrt,1.0,0.001
10,Automobile,159,25,46,0,2,CPF 97,0.6429459502858357,0.007494926452636719,0.00020623207092285156,10.0,2.0,2.0,10.0,100.0,sqrt,1.0,0.01
10,Automobile,159,25,46,0,2,CPF 98,0.7276146381338793,0.0076711177825927734,0.0002651214599609375,10.0,2.0,2.0,10.0,100.0,sqrt,1.0,0.1
10,Automobile,159,25,46,0,2,CPF 99,0.41893116595115887,0.008585691452026367,0.0002014636993408203,10.0,2.0,2.0,10.0,100.0,sqrt,1.0,1.0
10,Automobile,159,25,46,0,2,CPF 100,0.3238630632415538,0.04852008819580078,0.000385284423828125,10.0,2.0,2.0,10.0,100.0,0.7,1.0,0.0
10,Automobile,159,25,46,0,2,CPF 101,0.4959622638047727,0.040218353271484375,0.0006513595581054688,10.0,2.0,2.0,10.0,100.0,0.7,1.0,0.001
10,Automobile,159,25,46,0,2,CPF 102,0.5071805649054315,0.041355133056640625,0.0002994537353515625,10.0,2.0,2.0,10.0,100.0,0.7,1.0,0.01
10,Automobile,159,25,46,0,2,CPF 103,0.5342831651459773,0.036315202713012695,0.0003490447998046875,10.0,2.0,2.0,10.0,100.0,0.7,1.0,0.1
10,Automobile,159,25,46,0,2,CPF 104,0.5575456756834078,0.019302845001220703,0.000141143798828125,10.0,2.0,2.0,10.0,100.0,0.7,1.0,1.0
10,Automobile,159,25,46,0,2,CPF 105,0.5304245868265491,0.07470440864562988,0.0003654956817626953,10.0,2.0,2.0,20.0,100.0,1,1.0,0.0
10,Automobile,159,25,46,0,2,CPF 106,0.3598104487046536,0.07639265060424805,0.0004296302795410156,10.0,2.0,2.0,20.0,100.0,1,1.0,0.001
10,Automobile,159,25,46,0,2,CPF 107,0.6160273343856707,0.06891608238220215,0.000629425048828125,10.0,2.0,2.0,20.0,100.0,1,1.0,0.01
10,Automobile,159,25,46,0,2,CPF 108,0.5808399283455662,0.07061243057250977,0.00036215782165527344,10.0,2.0,2.0,20.0,100.0,1,1.0,0.1
10,Automobile,159,25,46,0,2,CPF 109,0.44405249917757894,0.026065826416015625,0.0001590251922607422,10.0,2.0,2.0,20.0,100.0,1,1.0,1.0
10,Automobile,159,25,46,0,2,CPF 110,0.6210852499748256,0.007624387741088867,0.00015926361083984375,10.0,2.0,2.0,20.0,100.0,sqrt,1.0,0.0
10,Automobile,159,25,46,0,2,CPF 111,0.7514482190254221,0.007999420166015625,0.00015997886657714844,10.0,2.0,2.0,20.0,100.0,sqrt,1.0,0.001
10,Automobile,159,25,46,0,2,CPF 112,0.5289102935666177,0.00765538215637207,0.00016069412231445312,10.0,2.0,2.0,20.0,100.0,sqrt,1.0,0.01
10,Automobile,159,25,46,0,2,CPF 113,0.5953028766635133,0.009688854217529297,0.0001442432403564453,10.0,2.0,2.0,20.0,100.0,sqrt,1.0,0.1
10,Automobile,159,25,46,0,2,CPF 114,0.5955716376505669,0.005498647689819336,0.00015497207641601562,10.0,2.0,2.0,20.0,100.0,sqrt,1.0,1.0
10,Automobile,159,25,46,0,2,CPF 115,0.5781120845800141,0.047858238220214844,0.0003578662872314453,10.0,2.0,2.0,20.0,100.0,0.7,1.0,0.0
10,Automobile,159,25,46,0,2,CPF 116,0.4428902791572591,0.04838848114013672,0.0006201267242431641,10.0,2.0,2.0,20.0,100.0,0.7,1.0,0.001
10,Automobile,159,25,46,0,2,CPF 117,0.5786751454132382,0.044031381607055664,0.0003497600555419922,10.0,2.0,2.0,20.0,100.0,0.7,1.0,0.01
10,Automobile,159,25,46,0,2,CPF 118,0.5604724878856937,0.03944849967956543,0.0003592967987060547,10.0,2.0,2.0,20.0,100.0,0.7,1.0,0.1
10,Automobile,159,25,46,0,2,CPF 119,0.5763308158347032,0.01851058006286621,0.0002288818359375,10.0,2.0,2.0,20.0,100.0,0.7,1.0,1.0
10,Automobile,159,25,46,0,2,CPF 120,0.5752977384764532,0.09138059616088867,0.0005519390106201172,10.0,2.0,2.0,50.0,100.0,1,1.0,0.0
10,Automobile,159,25,46,0,2,CPF 121,0.5602632104818188,0.08317708969116211,0.00035500526428222656,10.0,2.0,2.0,50.0,100.0,1,1.0,0.001
10,Automobile,159,25,46,0,2,CPF 122,0.4673125303124923,0.06965065002441406,0.0003571510314941406,10.0,2.0,2.0,50.0,100.0,1,1.0,0.01
10,Automobile,159,25,46,0,2,CPF 123,0.43844079979470874,0.05629587173461914,0.00029778480529785156,10.0,2.0,2.0,50.0,100.0,1,1.0,0.1
10,Automobile,159,25,46,0,2,CPF 124,0.4199345753984458,0.025396108627319336,0.0001862049102783203,10.0,2.0,2.0,50.0,100.0,1,1.0,1.0
10,Automobile,159,25,46,0,2,CPF 125,0.5962131685697278,0.007237672805786133,0.00023317337036132812,10.0,2.0,2.0,50.0,100.0,sqrt,1.0,0.0
10,Automobile,159,25,46,0,2,CPF 126,0.42694863526873383,0.008584022521972656,0.0001728534698486328,10.0,2.0,2.0,50.0,100.0,sqrt,1.0,0.001
10,Automobile,159,25,46,0,2,CPF 127,0.6626111621966945,0.007524728775024414,0.00016260147094726562,10.0,2.0,2.0,50.0,100.0,sqrt,1.0,0.01
10,Automobile,159,25,46,0,2,CPF 128,0.6626362237429491,0.008838415145874023,0.00021076202392578125,10.0,2.0,2.0,50.0,100.0,sqrt,1.0,0.1
10,Automobile,159,25,46,0,2,CPF 129,0.4912071285648604,0.005945444107055664,0.00013017654418945312,10.0,2.0,2.0,50.0,100.0,sqrt,1.0,1.0
10,Automobile,159,25,46,0,2,CPF 130,0.4019413338080603,0.04803133010864258,0.0003478527069091797,10.0,2.0,2.0,50.0,100.0,0.7,1.0,0.0
10,Automobile,159,25,46,0,2,CPF 131,0.6235859360488183,0.07639622688293457,0.0006074905395507812,10.0,2.0,2.0,50.0,100.0,0.7,1.0,0.001
10,Automobile,159,25,46,0,2,CPF 132,0.5548444731821203,0.06107664108276367,0.0008249282836914062,10.0,2.0,2.0,50.0,100.0,0.7,1.0,0.01
10,Automobile,159,25,46,0,2,CPF 133,0.6790800775811544,0.04400062561035156,0.0004413127899169922,10.0,2.0,2.0,50.0,100.0,0.7,1.0,0.1
10,Automobile,159,25,46,0,2,CPF 134,0.5041235091742399,0.017800092697143555,0.00017213821411132812,10.0,2.0,2.0,50.0,100.0,0.7,1.0,1.0
10,Automobile,159,25,46,0,3,RF,0.9126336633663367,0.09154605865478516,0.0024039745330810547,,,,,,,,
10,Automobile,159,25,46,0,3,XGB,0.9250366294693018,0.038524627685546875,0.0011861324310302734,,,,,,,,
10,Automobile,159,25,46,0,3,CPF 0,0.8061061577466615,0.03144097328186035,0.00017714500427246094,1.0,2.0,2.0,10.0,100.0,1,1.0,0.0
10,Automobile,159,25,46,0,3,CPF 1,0.8715836504328074,0.02647542953491211,0.00015211105346679688,1.0,2.0,2.0,10.0,100.0,1,1.0,0.001
10,Automobile,159,25,46,0,3,CPF 2,0.8552255164709288,0.02609848976135254,0.00024318695068359375,1.0,2.0,2.0,10.0,100.0,1,1.0,0.01
10,Automobile,159,25,46,0,3,CPF 3,0.9076996912555307,0.029425382614135742,0.0001666545867919922,1.0,2.0,2.0,10.0,100.0,1,1.0,0.1
10,Automobile,159,25,46,0,3,CPF 4,0.8036683302079025,0.028003454208374023,0.00014519691467285156,1.0,2.0,2.0,10.0,100.0,1,1.0,1.0
10,Automobile,159,25,46,0,3,CPF 5,0.793807725869138,0.007541656494140625,0.00013303756713867188,1.0,2.0,2.0,10.0,100.0,sqrt,1.0,0.0
10,Automobile,159,25,46,0,3,CPF 6,0.7874268540118052,0.007394552230834961,0.00014591217041015625,1.0,2.0,2.0,10.0,100.0,sqrt,1.0,0.001
10,Automobile,159,25,46,0,3,CPF 7,0.8359960925530836,0.007763862609863281,0.0001590251922607422,1.0,2.0,2.0,10.0,100.0,sqrt,1.0,0.01
10,Automobile,159,25,46,0,3,CPF 8,0.7961403355465336,0.007178544998168945,0.0001633167266845703,1.0,2.0,2.0,10.0,100.0,sqrt,1.0,0.1
10,Automobile,159,25,46,0,3,CPF 9,0.74354672731525,0.006955623626708984,0.00011801719665527344,1.0,2.0,2.0,10.0,100.0,sqrt,1.0,1.0
10,Automobile,159,25,46,0,3,CPF 10,0.8271777063712211,0.02046346664428711,0.00018167495727539062,1.0,2.0,2.0,10.0,100.0,0.7,1.0,0.0
10,Automobile,159,25,46,0,3,CPF 11,0.8598523158069352,0.01900959014892578,0.0001537799835205078,1.0,2.0,2.0,10.0,100.0,0.7,1.0,0.001
10,Automobile,159,25,46,0,3,CPF 12,0.8688027750681916,0.01940608024597168,0.0001595020294189453,1.0,2.0,2.0,10.0,100.0,0.7,1.0,0.01
10,Automobile,159,25,46,0,3,CPF 13,0.8269258379260876,0.021287202835083008,0.00017023086547851562,1.0,2.0,2.0,10.0,100.0,0.7,1.0,0.1
10,Automobile,159,25,46,0,3,CPF 14,0.8045388569651584,0.022312641143798828,0.0001614093780517578,1.0,2.0,2.0,10.0,100.0,0.7,1.0,1.0
10,Automobile,159,25,46,0,3,CPF 15,0.7476439518503317,0.026657819747924805,0.0001437664031982422,1.0,2.0,2.0,20.0,100.0,1,1.0,0.0
10,Automobile,159,25,46,0,3,CPF 16,0.78222007082888,0.027924060821533203,0.00016450881958007812,1.0,2.0,2.0,20.0,100.0,1,1.0,0.001
10,Automobile,159,25,46,0,3,CPF 17,0.7915719201093931,0.026144027709960938,0.00016379356384277344,1.0,2.0,2.0,20.0,100.0,1,1.0,0.01
10,Automobile,159,25,46,0,3,CPF 18,0.8392495349348339,0.02649712562561035,0.00017142295837402344,1.0,2.0,2.0,20.0,100.0,1,1.0,0.1
10,Automobile,159,25,46,0,3,CPF 19,0.8744548806568733,0.03581595420837402,0.00015807151794433594,1.0,2.0,2.0,20.0,100.0,1,1.0,1.0
10,Automobile,159,25,46,0,3,CPF 20,0.7844588310786672,0.007944822311401367,0.00015854835510253906,1.0,2.0,2.0,20.0,100.0,sqrt,1.0,0.0
10,Automobile,159,25,46,0,3,CPF 21,0.7982145770090416,0.007726192474365234,0.00015234947204589844,1.0,2.0,2.0,20.0,100.0,sqrt,1.0,0.001
10,Automobile,159,25,46,0,3,CPF 22,0.8767860206946227,0.007515907287597656,0.00013756752014160156,1.0,2.0,2.0,20.0,100.0,sqrt,1.0,0.01
10,Automobile,159,25,46,0,3,CPF 23,0.885506443235248,0.008298873901367188,0.00015020370483398438,1.0,2.0,2.0,20.0,100.0,sqrt,1.0,0.1
10,Automobile,159,25,46,0,3,CPF 24,0.7661783046596196,0.0060329437255859375,0.00012540817260742188,1.0,2.0,2.0,20.0,100.0,sqrt,1.0,1.0
10,Automobile,159,25,46,0,3,CPF 25,0.7459430324931919,0.01981496810913086,0.000213623046875,1.0,2.0,2.0,20.0,100.0,0.7,1.0,0.0
10,Automobile,159,25,46,0,3,CPF 26,0.860886255689324,0.020620346069335938,0.00018167495727539062,1.0,2.0,2.0,20.0,100.0,0.7,1.0,0.001
10,Automobile,159,25,46,0,3,CPF 27,0.832428566929841,0.0204010009765625,0.00023984909057617188,1.0,2.0,2.0,20.0,100.0,0.7,1.0,0.01
10,Automobile,159,25,46,0,3,CPF 28,0.7611548614269289,0.01996445655822754,0.000171661376953125,1.0,2.0,2.0,20.0,100.0,0.7,1.0,0.1
10,Automobile,159,25,46,0,3,CPF 29,0.7406932459992455,0.023099422454833984,0.0001621246337890625,1.0,2.0,2.0,20.0,100.0,0.7,1.0,1.0
10,Automobile,159,25,46,0,3,CPF 30,0.807197595233534,0.027107954025268555,0.0001552104949951172,1.0,2.0,2.0,50.0,100.0,1,1.0,0.0
10,Automobile,159,25,46,0,3,CPF 31,0.8376266381308489,0.026813030242919922,0.00015020370483398438,1.0,2.0,2.0,50.0,100.0,1,1.0,0.001
10,Automobile,159,25,46,0,3,CPF 32,0.8248711492777788,0.0264890193939209,0.00018334388732910156,1.0,2.0,2.0,50.0,100.0,1,1.0,0.01
10,Automobile,159,25,46,0,3,CPF 33,0.7739565595715957,0.02662205696105957,0.00017404556274414062,1.0,2.0,2.0,50.0,100.0,1,1.0,0.1
10,Automobile,159,25,46,0,3,CPF 34,0.8228757283478343,0.030269384384155273,0.00016260147094726562,1.0,2.0,2.0,50.0,100.0,1,1.0,1.0
10,Automobile,159,25,46,0,3,CPF 35,0.77670832098705,0.007549285888671875,0.00015211105346679688,1.0,2.0,2.0,50.0,100.0,sqrt,1.0,0.0
10,Automobile,159,25,46,0,3,CPF 36,0.7432339213510275,0.007534980773925781,0.00014138221740722656,1.0,2.0,2.0,50.0,100.0,sqrt,1.0,0.001
10,Automobile,159,25,46,0,3,CPF 37,0.805457619417213,0.0075817108154296875,0.00014138221740722656,1.0,2.0,2.0,50.0,100.0,sqrt,1.0,0.01
10,Automobile,159,25,46,0,3,CPF 38,0.8400936585343175,0.007834196090698242,0.00016951560974121094,1.0,2.0,2.0,50.0,100.0,sqrt,1.0,0.1
10,Automobile,159,25,46,0,3,CPF 39,0.6984764843159699,0.005876302719116211,0.00016307830810546875,1.0,2.0,2.0,50.0,100.0,sqrt,1.0,1.0
10,Automobile,159,25,46,0,3,CPF 40,0.8475163926639511,0.02017498016357422,0.0001804828643798828,1.0,2.0,2.0,50.0,100.0,0.7,1.0,0.0
10,Automobile,159,25,46,0,3,CPF 41,0.8300339417391789,0.02092599868774414,0.0002484321594238281,1.0,2.0,2.0,50.0,100.0,0.7,1.0,0.001
10,Automobile,159,25,46,0,3,CPF 42,0.770148961091154,0.025226831436157227,0.0003809928894042969,1.0,2.0,2.0,50.0,100.0,0.7,1.0,0.01
10,Automobile,159,25,46,0,3,CPF 43,0.8831887197134652,0.02199578285217285,0.00016021728515625,1.0,2.0,2.0,50.0,100.0,0.7,1.0,0.1
10,Automobile,159,25,46,0,3,CPF 44,0.838208291346202,0.03270673751831055,0.0003898143768310547,1.0,2.0,2.0,50.0,100.0,0.7,1.0,1.0
10,Automobile,159,25,46,0,3,CPF 45,0.7617037497735443,0.08203244209289551,0.0003788471221923828,5.0,2.0,2.0,10.0,100.0,1,1.0,0.0
10,Automobile,159,25,46,0,3,CPF 46,0.7669397286417364,0.0636606216430664,0.000316619873046875,5.0,2.0,2.0,10.0,100.0,1,1.0,0.001
10,Automobile,159,25,46,0,3,CPF 47,0.8065250851798351,0.06800198554992676,0.0004203319549560547,5.0,2.0,2.0,10.0,100.0,1,1.0,0.01
10,Automobile,159,25,46,0,3,CPF 48,0.8639455505495843,0.06860637664794922,0.0003581047058105469,5.0,2.0,2.0,10.0,100.0,1,1.0,0.1
10,Automobile,159,25,46,0,3,CPF 49,0.829365667900071,0.0636448860168457,0.00040078163146972656,5.0,2.0,2.0,10.0,100.0,1,1.0,1.0
10,Automobile,159,25,46,0,3,CPF 50,0.7284635598410686,0.03916049003601074,0.0007410049438476562,5.0,2.0,2.0,10.0,100.0,sqrt,1.0,0.0
10,Automobile,159,25,46,0,3,CPF 51,0.8541890975157831,0.009889364242553711,0.00014638900756835938,5.0,2.0,2.0,10.0,100.0,sqrt,1.0,0.001
10,Automobile,159,25,46,0,3,CPF 52,0.7935561777758418,0.00897979736328125,0.0001990795135498047,5.0,2.0,2.0,10.0,100.0,sqrt,1.0,0.01
10,Automobile,159,25,46,0,3,CPF 53,0.832503418038834,0.0067138671875,0.00014829635620117188,5.0,2.0,2.0,10.0,100.0,sqrt,1.0,0.1
10,Automobile,159,25,46,0,3,CPF 54,0.7329064593119161,0.009603500366210938,0.0002930164337158203,5.0,2.0,2.0,10.0,100.0,sqrt,1.0,1.0
10,Automobile,159,25,46,0,3,CPF 55,0.8279929642370141,0.04363679885864258,0.0003590583801269531,5.0,2.0,2.0,10.0,100.0,0.7,1.0,0.0
10,Automobile,159,25,46,0,3,CPF 56,0.8134561787922382,0.025643110275268555,0.00031638145446777344,5.0,2.0,2.0,10.0,100.0,0.7,1.0,0.001
10,Automobile,159,25,46,0,3,CPF 57,0.7339891544142281,0.029387950897216797,0.0002014636993408203,5.0,2.0,2.0,10.0,100.0,0.7,1.0,0.01
10,Automobile,159,25,46,0,3,CPF 58,0.7505210107592372,0.027265548706054688,0.00017309188842773438,5.0,2.0,2.0,10.0,100.0,0.7,1.0,0.1
10,Automobile,159,25,46,0,3,CPF 59,0.810711098737118,0.020664691925048828,0.0001308917999267578,5.0,2.0,2.0,10.0,100.0,0.7,1.0,1.0
10,Automobile,159,25,46,0,3,CPF 60,0.8238882474628988,0.05063319206237793,0.00026035308837890625,5.0,2.0,2.0,20.0,100.0,1,1.0,0.0
10,Automobile,159,25,46,0,3,CPF 61,0.7578871133873695,0.06397104263305664,0.0003218650817871094,5.0,2.0,2.0,20.0,100.0,1,1.0,0.001
10,Automobile,159,25,46,0,3,CPF 62,0.7750930807286288,0.053092241287231445,0.0002617835998535156,5.0,2.0,2.0,20.0,100.0,1,1.0,0.01
10,Automobile,159,25,46,0,3,CPF 63,0.8367163722395773,0.04461359977722168,0.0002491474151611328,5.0,2.0,2.0,20.0,100.0,1,1.0,0.1
10,Automobile,159,25,46,0,3,CPF 64,0.8032048961749118,0.030670166015625,0.00018453598022460938,5.0,2.0,2.0,20.0,100.0,1,1.0,1.0
10,Automobile,159,25,46,0,3,CPF 65,0.7816735155044093,0.006359100341796875,0.0001270771026611328,5.0,2.0,2.0,20.0,100.0,sqrt,1.0,0.0
10,Automobile,159,25,46,0,3,CPF 66,0.8766137094216706,0.007528543472290039,0.00017833709716796875,5.0,2.0,2.0,20.0,100.0,sqrt,1.0,0.001
10,Automobile,159,25,46,0,3,CPF 67,0.8510001432342909,0.008095741271972656,0.00014829635620117188,5.0,2.0,2.0,20.0,100.0,sqrt,1.0,0.01
10,Automobile,159,25,46,0,3,CPF 68,0.831058984905103,0.010805606842041016,0.0001926422119140625,5.0,2.0,2.0,20.0,100.0,sqrt,1.0,0.1
10,Automobile,159,25,46,0,3,CPF 69,0.7846228314672623,0.0058705806732177734,0.00011706352233886719,5.0,2.0,2.0,20.0,100.0,sqrt,1.0,1.0
10,Automobile,159,25,46,0,3,CPF 70,0.7153903650186721,0.029372692108154297,0.00022363662719726562,5.0,2.0,2.0,20.0,100.0,0.7,1.0,0.0
10,Automobile,159,25,46,0,3,CPF 71,0.8606600769669602,0.02401280403137207,0.0001957416534423828,5.0,2.0,2.0,20.0,100.0,0.7,1.0,0.001
10,Automobile,159,25,46,0,3,CPF 72,0.8091737300936983,0.024918317794799805,0.000194549560546875,5.0,2.0,2.0,20.0,100.0,0.7,1.0,0.01
10,Automobile,159,25,46,0,3,CPF 73,0.7594441910160586,0.028272628784179688,0.00025725364685058594,5.0,2.0,2.0,20.0,100.0,0.7,1.0,0.1
10,Automobile,159,25,46,0,3,CPF 74,0.8047369863957494,0.02445840835571289,0.0001480579376220703,5.0,2.0,2.0,20.0,100.0,0.7,1.0,1.0
10,Automobile,159,25,46,0,3,CPF 75,0.8021242715286245,0.04691338539123535,0.0003516674041748047,5.0,2.0,2.0,50.0,100.0,1,1.0,0.0
10,Automobile,159,25,46,0,3,CPF 76,0.8067775594888364,0.046159982681274414,0.00023555755615234375,5.0,2.0,2.0,50.0,100.0,1,1.0,0.001
10,Automobile,159,25,46,0,3,CPF 77,0.9053444068026861,0.04237198829650879,0.0002143383026123047,5.0,2.0,2.0,50.0,100.0,1,1.0,0.01
10,Automobile,159,25,46,0,3,CPF 78,0.8811748198308992,0.041895151138305664,0.0002048015594482422,5.0,2.0,2.0,50.0,100.0,1,1.0,0.1
10,Automobile,159,25,46,0,3,CPF 79,0.861043785902745,0.026180267333984375,0.0001323223114013672,5.0,2.0,2.0,50.0,100.0,1,1.0,1.0
10,Automobile,159,25,46,0,3,CPF 80,0.8373737488227948,0.006638765335083008,0.0001304149627685547,5.0,2.0,2.0,50.0,100.0,sqrt,1.0,0.0
10,Automobile,159,25,46,0,3,CPF 81,0.8213908104123872,0.006297111511230469,0.00012254714965820312,5.0,2.0,2.0,50.0,100.0,sqrt,1.0,0.001
10,Automobile,159,25,46,0,3,CPF 82,0.8361827702511726,0.006406545639038086,0.00010704994201660156,5.0,2.0,2.0,50.0,100.0,sqrt,1.0,0.01
10,Automobile,159,25,46,0,3,CPF 83,0.8146465781029726,0.006911039352416992,0.00012302398681640625,5.0,2.0,2.0,50.0,100.0,sqrt,1.0,0.1
10,Automobile,159,25,46,0,3,CPF 84,0.7625064601187428,0.006333589553833008,0.0001049041748046875,5.0,2.0,2.0,50.0,100.0,sqrt,1.0,1.0
10,Automobile,159,25,46,0,3,CPF 85,0.8226891196485745,0.027343273162841797,0.00020623207092285156,5.0,2.0,2.0,50.0,100.0,0.7,1.0,0.0
10,Automobile,159,25,46,0,3,CPF 86,0.8211457401489373,0.02941298484802246,0.00020170211791992188,5.0,2.0,2.0,50.0,100.0,0.7,1.0,0.001
10,Automobile,159,25,46,0,3,CPF 87,0.8022148772996031,0.030427217483520508,0.00021505355834960938,5.0,2.0,2.0,50.0,100.0,0.7,1.0,0.01
10,Automobile,159,25,46,0,3,CPF 88,0.8653307709972939,0.027769088745117188,0.0002014636993408203,5.0,2.0,2.0,50.0,100.0,0.7,1.0,0.1
10,Automobile,159,25,46,0,3,CPF 89,0.7699532351823526,0.01950550079345703,0.0001366138458251953,5.0,2.0,2.0,50.0,100.0,0.7,1.0,1.0
10,Automobile,159,25,46,0,3,CPF 90,0.8252743624849013,0.07473182678222656,0.0003669261932373047,10.0,2.0,2.0,10.0,100.0,1,1.0,0.0
10,Automobile,159,25,46,0,3,CPF 91,0.8617877282142525,0.0748143196105957,0.0003631114959716797,10.0,2.0,2.0,10.0,100.0,1,1.0,0.001
10,Automobile,159,25,46,0,3,CPF 92,0.8078384468545974,0.08256220817565918,0.0003731250762939453,10.0,2.0,2.0,10.0,100.0,1,1.0,0.01
10,Automobile,159,25,46,0,3,CPF 93,0.8223617494566084,0.06841564178466797,0.0003795623779296875,10.0,2.0,2.0,10.0,100.0,1,1.0,0.1
10,Automobile,159,25,46,0,3,CPF 94,0.8088090959807753,0.02863764762878418,0.0002009868621826172,10.0,2.0,2.0,10.0,100.0,1,1.0,1.0
10,Automobile,159,25,46,0,3,CPF 95,0.7047557508764843,0.009907722473144531,0.00014781951904296875,10.0,2.0,2.0,10.0,100.0,sqrt,1.0,0.0
10,Automobile,159,25,46,0,3,CPF 96,0.7916603733952751,0.007218599319458008,0.00015926361083984375,10.0,2.0,2.0,10.0,100.0,sqrt,1.0,0.001
10,Automobile,159,25,46,0,3,CPF 97,0.7801401008419663,0.006401777267456055,0.00013375282287597656,10.0,2.0,2.0,10.0,100.0,sqrt,1.0,0.01
10,Automobile,159,25,46,0,3,CPF 98,0.7701537170834483,0.006161689758300781,0.0001342296600341797,10.0,2.0,2.0,10.0,100.0,sqrt,1.0,0.1
10,Automobile,159,25,46,0,3,CPF 99,0.6523943497454784,0.006049633026123047,0.000110626220703125,10.0,2.0,2.0,10.0,100.0,sqrt,1.0,1.0
10,Automobile,159,25,46,0,3,CPF 100,0.8093513910676462,0.049938201904296875,0.00029921531677246094,10.0,2.0,2.0,10.0,100.0,0.7,1.0,0.0
10,Automobile,159,25,46,0,3,CPF 101,0.8483146948590341,0.04323863983154297,0.00024962425231933594,10.0,2.0,2.0,10.0,100.0,0.7,1.0,0.001
10,Automobile,159,25,46,0,3,CPF 102,0.8637353007294657,0.049988746643066406,0.0003466606140136719,10.0,2.0,2.0,10.0,100.0,0.7,1.0,0.01
10,Automobile,159,25,46,0,3,CPF 103,0.7963981002903281,0.03334307670593262,0.000247955322265625,10.0,2.0,2.0,10.0,100.0,0.7,1.0,0.1
10,Automobile,159,25,46,0,3,CPF 104,0.8302218530960966,0.020757436752319336,0.00017952919006347656,10.0,2.0,2.0,10.0,100.0,0.7,1.0,1.0
10,Automobile,159,25,46,0,3,CPF 105,0.8570345420642264,0.08578252792358398,0.0004937648773193359,10.0,2.0,2.0,20.0,100.0,1,1.0,0.0
10,Automobile,159,25,46,0,3,CPF 106,0.8694005769433671,0.10612082481384277,0.0004394054412841797,10.0,2.0,2.0,20.0,100.0,1,1.0,0.001
10,Automobile,159,25,46,0,3,CPF 107,0.8773217403169039,0.0830390453338623,0.0003178119659423828,10.0,2.0,2.0,20.0,100.0,1,1.0,0.01
10,Automobile,159,25,46,0,3,CPF 108,0.7139222479871559,0.06741762161254883,0.0003218650817871094,10.0,2.0,2.0,20.0,100.0,1,1.0,0.1
10,Automobile,159,25,46,0,3,CPF 109,0.8308427867553563,0.026155710220336914,0.00012969970703125,10.0,2.0,2.0,20.0,100.0,1,1.0,1.0
10,Automobile,159,25,46,0,3,CPF 110,0.8165511991115832,0.008032560348510742,0.0001742839813232422,10.0,2.0,2.0,20.0,100.0,sqrt,1.0,0.0
10,Automobile,159,25,46,0,3,CPF 111,0.7371064038025963,0.007844924926757812,0.00017070770263671875,10.0,2.0,2.0,20.0,100.0,sqrt,1.0,0.001
10,Automobile,159,25,46,0,3,CPF 112,0.7858089422512797,0.00939178466796875,0.0001392364501953125,10.0,2.0,2.0,20.0,100.0,sqrt,1.0,0.01
10,Automobile,159,25,46,0,3,CPF 113,0.8184918331649516,0.0072498321533203125,0.00012063980102539062,10.0,2.0,2.0,20.0,100.0,sqrt,1.0,0.1
10,Automobile,159,25,46,0,3,CPF 114,0.6566239164718325,0.00475621223449707,0.00010824203491210938,10.0,2.0,2.0,20.0,100.0,sqrt,1.0,1.0
10,Automobile,159,25,46,0,3,CPF 115,0.8760969278515616,0.05247783660888672,0.0002932548522949219,10.0,2.0,2.0,20.0,100.0,0.7,1.0,0.0
10,Automobile,159,25,46,0,3,CPF 116,0.8606208123506655,0.04752707481384277,0.0003046989440917969,10.0,2.0,2.0,20.0,100.0,0.7,1.0,0.001
10,Automobile,159,25,46,0,3,CPF 117,0.8942291679349128,0.043645620346069336,0.00029921531677246094,10.0,2.0,2.0,20.0,100.0,0.7,1.0,0.01
10,Automobile,159,25,46,0,3,CPF 118,0.857830029585172,0.034662723541259766,0.000278472900390625,10.0,2.0,2.0,20.0,100.0,0.7,1.0,0.1
10,Automobile,159,25,46,0,3,CPF 119,0.8141823471374633,0.049338340759277344,0.00012373924255371094,10.0,2.0,2.0,20.0,100.0,0.7,1.0,1.0
10,Automobile,159,25,46,0,3,CPF 120,0.8942992801465292,0.14023303985595703,0.0004127025604248047,10.0,2.0,2.0,50.0,100.0,1,1.0,0.0
10,Automobile,159,25,46,0,3,CPF 121,0.8608254130971422,0.10040163993835449,0.0005536079406738281,10.0,2.0,2.0,50.0,100.0,1,1.0,0.001
10,Automobile,159,25,46,0,3,CPF 122,0.8838491159749529,0.07890796661376953,0.0003955364227294922,10.0,2.0,2.0,50.0,100.0,1,1.0,0.01
10,Automobile,159,25,46,0,3,CPF 123,0.8492732427501668,0.06279444694519043,0.00031757354736328125,10.0,2.0,2.0,50.0,100.0,1,1.0,0.1
10,Automobile,159,25,46,0,3,CPF 124,0.8118005495663301,0.03488945960998535,0.00014925003051757812,10.0,2.0,2.0,50.0,100.0,1,1.0,1.0
10,Automobile,159,25,46,0,3,CPF 125,0.8399013470781166,0.010651350021362305,0.0002129077911376953,10.0,2.0,2.0,50.0,100.0,sqrt,1.0,0.0
10,Automobile,159,25,46,0,3,CPF 126,0.8186020598905528,0.023295879364013672,0.0004780292510986328,10.0,2.0,2.0,50.0,100.0,sqrt,1.0,0.001
10,Automobile,159,25,46,0,3,CPF 127,0.819328838523921,0.011389493942260742,0.00020551681518554688,10.0,2.0,2.0,50.0,100.0,sqrt,1.0,0.01
10,Automobile,159,25,46,0,3,CPF 128,0.9068334074116196,0.013525724411010742,0.0002923011779785156,10.0,2.0,2.0,50.0,100.0,sqrt,1.0,0.1
10,Automobile,159,25,46,0,3,CPF 129,0.558336303021045,0.008066415786743164,0.00021648406982421875,10.0,2.0,2.0,50.0,100.0,sqrt,1.0,1.0
10,Automobile,159,25,46,0,3,CPF 130,0.8531739382468563,0.06533551216125488,0.00038433074951171875,10.0,2.0,2.0,50.0,100.0,0.7,1.0,0.0
10,Automobile,159,25,46,0,3,CPF 131,0.7689809478427828,0.06698918342590332,0.0003600120544433594,10.0,2.0,2.0,50.0,100.0,0.7,1.0,0.001
10,Automobile,159,25,46,0,3,CPF 132,0.7996308552231758,0.06423640251159668,0.00038123130798339844,10.0,2.0,2.0,50.0,100.0,0.7,1.0,0.01
10,Automobile,159,25,46,0,3,CPF 133,0.8465660493347,0.05494093894958496,0.0003600120544433594,10.0,2.0,2.0,50.0,100.0,0.7,1.0,0.1
10,Automobile,159,25,46,0,3,CPF 134,0.7143412773179705,0.028407812118530273,0.00022602081298828125,10.0,2.0,2.0,50.0,100.0,0.7,1.0,1.0
10,Automobile,159,25,46,0,4,RF,0.6625059233449477,0.16785502433776855,0.006446361541748047,,,,,,,,
10,Automobile,159,25,46,0,4,XGB,0.49167393283713534,0.07890081405639648,0.0013408660888671875,,,,,,,,
10,Automobile,159,25,46,0,4,CPF 0,0.5099579897539555,0.03676867485046387,0.0006105899810791016,1.0,2.0,2.0,10.0,100.0,1,1.0,0.0
10,Automobile,159,25,46,0,4,CPF 1,0.37522755991894197,0.041202545166015625,0.0003135204315185547,1.0,2.0,2.0,10.0,100.0,1,1.0,0.001
10,Automobile,159,25,46,0,4,CPF 2,0.619415077985721,0.0967552661895752,0.0005879402160644531,1.0,2.0,2.0,10.0,100.0,1,1.0,0.01
10,Automobile,159,25,46,0,4,CPF 3,0.31861072094851306,0.04156899452209473,0.0003292560577392578,1.0,2.0,2.0,10.0,100.0,1,1.0,0.1
10,Automobile,159,25,46,0,4,CPF 4,0.48569284138568736,0.05336451530456543,0.00022721290588378906,1.0,2.0,2.0,10.0,100.0,1,1.0,1.0
10,Automobile,159,25,46,0,4,CPF 5,0.48742032257026335,0.014129877090454102,0.0006320476531982422,1.0,2.0,2.0,10.0,100.0,sqrt,1.0,0.0
10,Automobile,159,25,46,0,4,CPF 6,0.1844742611743594,0.014591455459594727,0.0002486705780029297,1.0,2.0,2.0,10.0,100.0,sqrt,1.0,0.001
10,Automobile,159,25,46,0,4,CPF 7,0.3375571511705353,0.014211416244506836,0.0002429485321044922,1.0,2.0,2.0,10.0,100.0,sqrt,1.0,0.01
10,Automobile,159,25,46,0,4,CPF 8,0.43177890625604,0.01313638687133789,0.0003695487976074219,1.0,2.0,2.0,10.0,100.0,sqrt,1.0,0.1
10,Automobile,159,25,46,0,4,CPF 9,0.3108593087391782,0.010272026062011719,0.0001983642578125,1.0,2.0,2.0,10.0,100.0,sqrt,1.0,1.0
10,Automobile,159,25,46,0,4,CPF 10,0.47765702656523223,0.03687024116516113,0.00025272369384765625,1.0,2.0,2.0,10.0,100.0,0.7,1.0,0.0
10,Automobile,159,25,46,0,4,CPF 11,0.3936668669568699,0.03312277793884277,0.0002715587615966797,1.0,2.0,2.0,10.0,100.0,0.7,1.0,0.001
10,Automobile,159,25,46,0,4,CPF 12,0.36968047283544725,0.03277707099914551,0.00037860870361328125,1.0,2.0,2.0,10.0,100.0,0.7,1.0,0.01
10,Automobile,159,25,46,0,4,CPF 13,0.45223250066611054,0.02514028549194336,0.00024080276489257812,1.0,2.0,2.0,10.0,100.0,0.7,1.0,0.1
10,Automobile,159,25,46,0,4,CPF 14,0.49906087585010683,0.03241872787475586,0.0002372264862060547,1.0,2.0,2.0,10.0,100.0,0.7,1.0,1.0
10,Automobile,159,25,46,0,4,CPF 15,0.4851250200843953,0.031025409698486328,0.00016450881958007812,1.0,2.0,2.0,20.0,100.0,1,1.0,0.0
10,Automobile,159,25,46,0,4,CPF 16,0.42105016012449203,0.044846296310424805,0.0003230571746826172,1.0,2.0,2.0,20.0,100.0,1,1.0,0.001
10,Automobile,159,25,46,0,4,CPF 17,0.503331801948675,0.0392298698425293,0.0002868175506591797,1.0,2.0,2.0,20.0,100.0,1,1.0,0.01
10,Automobile,159,25,46,0,4,CPF 18,0.6170279293543219,0.04516720771789551,0.00029587745666503906,1.0,2.0,2.0,20.0,100.0,1,1.0,0.1
10,Automobile,159,25,46,0,4,CPF 19,0.5650745145852389,0.04631328582763672,0.0002913475036621094,1.0,2.0,2.0,20.0,100.0,1,1.0,1.0
10,Automobile,159,25,46,0,4,CPF 20,0.5316334829190861,0.01330876350402832,0.0002231597900390625,1.0,2.0,2.0,20.0,100.0,sqrt,1.0,0.0
10,Automobile,159,25,46,0,4,CPF 21,0.28539102549369977,0.014225244522094727,0.00044608116149902344,1.0,2.0,2.0,20.0,100.0,sqrt,1.0,0.001
10,Automobile,159,25,46,0,4,CPF 22,0.4152518964205071,0.014008283615112305,0.0002925395965576172,1.0,2.0,2.0,20.0,100.0,sqrt,1.0,0.01
10,Automobile,159,25,46,0,4,CPF 23,0.363901594681322,0.014107704162597656,0.0002689361572265625,1.0,2.0,2.0,20.0,100.0,sqrt,1.0,0.1
10,Automobile,159,25,46,0,4,CPF 24,0.552348811778359,0.009800434112548828,0.00022292137145996094,1.0,2.0,2.0,20.0,100.0,sqrt,1.0,1.0
10,Automobile,159,25,46,0,4,CPF 25,0.4926695827532849,0.0313413143157959,0.0004410743713378906,1.0,2.0,2.0,20.0,100.0,0.7,1.0,0.0
10,Automobile,159,25,46,0,4,CPF 26,0.5849663975043558,0.03501534461975098,0.0003426074981689453,1.0,2.0,2.0,20.0,100.0,0.7,1.0,0.001
10,Automobile,159,25,46,0,4,CPF 27,0.28082453382763406,0.03283119201660156,0.00027489662170410156,1.0,2.0,2.0,20.0,100.0,0.7,1.0,0.01
10,Automobile,159,25,46,0,4,CPF 28,0.5764294572099868,0.032624006271362305,0.0002460479736328125,1.0,2.0,2.0,20.0,100.0,0.7,1.0,0.1
10,Automobile,159,25,46,0,4,CPF 29,0.35230148651741167,0.0441279411315918,0.0003447532653808594,1.0,2.0,2.0,20.0,100.0,0.7,1.0,1.0
10,Automobile,159,25,46,0,4,CPF 30,0.25505178452455357,0.04244661331176758,0.00024056434631347656,1.0,2.0,2.0,50.0,100.0,1,1.0,0.0
10,Automobile,159,25,46,0,4,CPF 31,0.39279121357611424,0.04191899299621582,0.0003228187561035156,1.0,2.0,2.0,50.0,100.0,1,1.0,0.001
10,Automobile,159,25,46,0,4,CPF 32,0.44992884425245316,0.040771484375,0.00017976760864257812,1.0,2.0,2.0,50.0,100.0,1,1.0,0.01
10,Automobile,159,25,46,0,4,CPF 33,0.3931083187946809,0.036530494689941406,0.0002281665802001953,1.0,2.0,2.0,50.0,100.0,1,1.0,0.1
10,Automobile,159,25,46,0,4,CPF 34,0.5527204101609768,0.03478240966796875,0.0001456737518310547,1.0,2.0,2.0,50.0,100.0,1,1.0,1.0
10,Automobile,159,25,46,0,4,CPF 35,0.476404126373037,0.008726835250854492,0.00016689300537109375,1.0,2.0,2.0,50.0,100.0,sqrt,1.0,0.0
10,Automobile,159,25,46,0,4,CPF 36,0.5414365682682554,0.00932168960571289,0.00015306472778320312,1.0,2.0,2.0,50.0,100.0,sqrt,1.0,0.001
10,Automobile,159,25,46,0,4,CPF 37,0.4676843009207292,0.008848905563354492,0.0001842975616455078,1.0,2.0,2.0,50.0,100.0,sqrt,1.0,0.01
10,Automobile,159,25,46,0,4,CPF 38,0.5206639331414578,0.010320186614990234,0.0001537799835205078,1.0,2.0,2.0,50.0,100.0,sqrt,1.0,0.1
10,Automobile,159,25,46,0,4,CPF 39,0.5400703330454424,0.008318424224853516,0.00015592575073242188,1.0,2.0,2.0,50.0,100.0,sqrt,1.0,1.0
10,Automobile,159,25,46,0,4,CPF 40,0.46858113672119917,0.024021387100219727,0.0001766681671142578,1.0,2.0,2.0,50.0,100.0,0.7,1.0,0.0
10,Automobile,159,25,46,0,4,CPF 41,0.6672851115370143,0.02918267250061035,0.0003635883331298828,1.0,2.0,2.0,50.0,100.0,0.7,1.0,0.001
10,Automobile,159,25,46,0,4,CPF 42,0.6072872912871694,0.044541358947753906,0.0003762245178222656,1.0,2.0,2.0,50.0,100.0,0.7,1.0,0.01
10,Automobile,159,25,46,0,4,CPF 43,0.6156113018146318,0.03631258010864258,0.0003516674041748047,1.0,2.0,2.0,50.0,100.0,0.7,1.0,0.1
10,Automobile,159,25,46,0,4,CPF 44,0.4518697865125698,0.03424954414367676,0.0002999305725097656,1.0,2.0,2.0,50.0,100.0,0.7,1.0,1.0
10,Automobile,159,25,46,0,4,CPF 45,0.5151410791484131,0.06815290451049805,0.00041747093200683594,5.0,2.0,2.0,10.0,100.0,1,1.0,0.0
10,Automobile,159,25,46,0,4,CPF 46,0.4307239692597874,0.05438804626464844,0.0004210472106933594,5.0,2.0,2.0,10.0,100.0,1,1.0,0.001
10,Automobile,159,25,46,0,4,CPF 47,0.6209778813274325,0.0676722526550293,0.0003616809844970703,5.0,2.0,2.0,10.0,100.0,1,1.0,0.01
10,Automobile,159,25,46,0,4,CPF 48,0.47275832391060624,0.055431365966796875,0.0003330707550048828,5.0,2.0,2.0,10.0,100.0,1,1.0,0.1
10,Automobile,159,25,46,0,4,CPF 49,0.49763751523831856,0.05790138244628906,0.0002753734588623047,5.0,2.0,2.0,10.0,100.0,1,1.0,1.0
10,Automobile,159,25,46,0,4,CPF 50,0.5321926789340492,0.01197052001953125,0.0002899169921875,5.0,2.0,2.0,10.0,100.0,sqrt,1.0,0.0
10,Automobile,159,25,46,0,4,CPF 51,0.5510817226217517,0.010764360427856445,0.00024390220642089844,5.0,2.0,2.0,10.0,100.0,sqrt,1.0,0.001
10,Automobile,159,25,46,0,4,CPF 52,0.44185770880854025,0.011438369750976562,0.00028634071350097656,5.0,2.0,2.0,10.0,100.0,sqrt,1.0,0.01
10,Automobile,159,25,46,0,4,CPF 53,0.46326015623107675,0.009991645812988281,0.0002453327178955078,5.0,2.0,2.0,10.0,100.0,sqrt,1.0,0.1
10,Automobile,159,25,46,0,4,CPF 54,0.5977238944959615,0.009680986404418945,0.0001842975616455078,5.0,2.0,2.0,10.0,100.0,sqrt,1.0,1.0
10,Automobile,159,25,46,0,4,CPF 55,0.5232766782411171,0.028177261352539062,0.00021529197692871094,5.0,2.0,2.0,10.0,100.0,0.7,1.0,0.0
10,Automobile,159,25,46,0,4,CPF 56,0.43126010775421586,0.02611231803894043,0.00018715858459472656,5.0,2.0,2.0,10.0,100.0,0.7,1.0,0.001
10,Automobile,159,25,46,0,4,CPF 57,0.5335850009770807,0.02974677085876465,0.0002257823944091797,5.0,2.0,2.0,10.0,100.0,0.7,1.0,0.01
10,Automobile,159,25,46,0,4,CPF 58,0.4633143401932369,0.02063131332397461,0.00017714500427246094,5.0,2.0,2.0,10.0,100.0,0.7,1.0,0.1
10,Automobile,159,25,46,0,4,CPF 59,0.6713768917631883,0.023222923278808594,0.00013637542724609375,5.0,2.0,2.0,10.0,100.0,0.7,1.0,1.0
10,Automobile,159,25,46,0,4,CPF 60,0.34765284099541993,0.048554182052612305,0.00021910667419433594,5.0,2.0,2.0,20.0,100.0,1,1.0,0.0
10,Automobile,159,25,46,0,4,CPF 61,0.4105935468129225,0.055846452713012695,0.0002884864807128906,5.0,2.0,2.0,20.0,100.0,1,1.0,0.001
10,Automobile,159,25,46,0,4,CPF 62,0.43102082524611296,0.052073001861572266,0.0002779960632324219,5.0,2.0,2.0,20.0,100.0,1,1.0,0.01
10,Automobile,159,25,46,0,4,CPF 63,0.6630853897128821,0.04066729545593262,0.00020051002502441406,5.0,2.0,2.0,20.0,100.0,1,1.0,0.1
10,Automobile,159,25,46,0,4,CPF 64,0.7010741589778354,0.034885406494140625,0.00013685226440429688,5.0,2.0,2.0,20.0,100.0,1,1.0,1.0
10,Automobile,159,25,46,0,4,CPF 65,0.35685290253612223,0.011176824569702148,0.00016260147094726562,5.0,2.0,2.0,20.0,100.0,sqrt,1.0,0.0
10,Automobile,159,25,46,0,4,CPF 66,0.5707624921879502,0.01108098030090332,0.00014328956604003906,5.0,2.0,2.0,20.0,100.0,sqrt,1.0,0.001
10,Automobile,159,25,46,0,4,CPF 67,0.6176446029982174,0.011177539825439453,0.0002865791320800781,5.0,2.0,2.0,20.0,100.0,sqrt,1.0,0.01
10,Automobile,159,25,46,0,4,CPF 68,0.4628137872062581,0.007363796234130859,0.000152587890625,5.0,2.0,2.0,20.0,100.0,sqrt,1.0,0.1
10,Automobile,159,25,46,0,4,CPF 69,0.45942795693381533,0.0061991214752197266,0.0002617835998535156,5.0,2.0,2.0,20.0,100.0,sqrt,1.0,1.0
10,Automobile,159,25,46,0,4,CPF 70,0.4927814015132741,0.028469562530517578,0.0002281665802001953,5.0,2.0,2.0,20.0,100.0,0.7,1.0,0.0
10,Automobile,159,25,46,0,4,CPF 71,0.5711930982204736,0.024441242218017578,0.0001621246337890625,5.0,2.0,2.0,20.0,100.0,0.7,1.0,0.001
10,Automobile,159,25,46,0,4,CPF 72,0.42805223368134526,0.0338284969329834,0.0002868175506591797,5.0,2.0,2.0,20.0,100.0,0.7,1.0,0.01
10,Automobile,159,25,46,0,4,CPF 73,0.44670637559710336,0.04085540771484375,0.00027751922607421875,5.0,2.0,2.0,20.0,100.0,0.7,1.0,0.1
10,Automobile,159,25,46,0,4,CPF 74,0.4838169135522563,0.03250384330749512,0.00024890899658203125,5.0,2.0,2.0,20.0,100.0,0.7,1.0,1.0
10,Automobile,159,25,46,0,4,CPF 75,0.32577336514235544,0.06152510643005371,0.00029969215393066406,5.0,2.0,2.0,50.0,100.0,1,1.0,0.0
10,Automobile,159,25,46,0,4,CPF 76,0.3201568867946991,0.06509542465209961,0.00034999847412109375,5.0,2.0,2.0,50.0,100.0,1,1.0,0.001
10,Automobile,159,25,46,0,4,CPF 77,0.3624753322563592,0.05102038383483887,0.00023365020751953125,5.0,2.0,2.0,50.0,100.0,1,1.0,0.01
10,Automobile,159,25,46,0,4,CPF 78,0.06725319496928095,0.06271123886108398,0.0003848075866699219,5.0,2.0,2.0,50.0,100.0,1,1.0,0.1
10,Automobile,159,25,46,0,4,CPF 79,0.5176948576402609,0.03621029853820801,0.0001266002655029297,5.0,2.0,2.0,50.0,100.0,1,1.0,1.0
10,Automobile,159,25,46,0,4,CPF 80,0.4665596467573403,0.010385990142822266,0.00020647048950195312,5.0,2.0,2.0,50.0,100.0,sqrt,1.0,0.0
10,Automobile,159,25,46,0,4,CPF 81,0.20526361670283733,0.012038946151733398,0.00021767616271972656,5.0,2.0,2.0,50.0,100.0,sqrt,1.0,0.001
10,Automobile,159,25,46,0,4,CPF 82,0.2242352996216146,0.011041402816772461,0.00021409988403320312,5.0,2.0,2.0,50.0,100.0,sqrt,1.0,0.01
10,Automobile,159,25,46,0,4,CPF 83,0.41921672555163436,0.01109457015991211,0.00021076202392578125,5.0,2.0,2.0,50.0,100.0,sqrt,1.0,0.1
10,Automobile,159,25,46,0,4,CPF 84,0.46991328131352306,0.00941014289855957,0.00024127960205078125,5.0,2.0,2.0,50.0,100.0,sqrt,1.0,1.0
10,Automobile,159,25,46,0,4,CPF 85,0.5587520737476748,0.03539776802062988,0.00025463104248046875,5.0,2.0,2.0,50.0,100.0,0.7,1.0,0.0
10,Automobile,159,25,46,0,4,CPF 86,0.7324058466491709,0.03616619110107422,0.00025963783264160156,5.0,2.0,2.0,50.0,100.0,0.7,1.0,0.001
10,Automobile,159,25,46,0,4,CPF 87,0.4638468613748342,0.03849959373474121,0.0002932548522949219,5.0,2.0,2.0,50.0,100.0,0.7,1.0,0.01
10,Automobile,159,25,46,0,4,CPF 88,0.36882422521851066,0.04064178466796875,0.00016689300537109375,5.0,2.0,2.0,50.0,100.0,0.7,1.0,0.1
10,Automobile,159,25,46,0,4,CPF 89,0.2727171419242377,0.02942037582397461,0.00027823448181152344,5.0,2.0,2.0,50.0,100.0,0.7,1.0,1.0
10,Automobile,159,25,46,0,4,CPF 90,0.45339319721610927,0.10335612297058105,0.0004477500915527344,10.0,2.0,2.0,10.0,100.0,1,1.0,0.0
10,Automobile,159,25,46,0,4,CPF 91,0.2972889469622648,0.08391928672790527,0.0007169246673583984,10.0,2.0,2.0,10.0,100.0,1,1.0,0.001
10,Automobile,159,25,46,0,4,CPF 92,0.43853411322720126,0.09553670883178711,0.00035762786865234375,10.0,2.0,2.0,10.0,100.0,1,1.0,0.01
10,Automobile,159,25,46,0,4,CPF 93,0.4711104677387451,0.07064104080200195,0.0004181861877441406,10.0,2.0,2.0,10.0,100.0,1,1.0,0.1
10,Automobile,159,25,46,0,4,CPF 94,0.41445068295650955,0.04137730598449707,0.00024819374084472656,10.0,2.0,2.0,10.0,100.0,1,1.0,1.0
10,Automobile,159,25,46,0,4,CPF 95,0.6106645617635638,0.008070945739746094,0.0001862049102783203,10.0,2.0,2.0,10.0,100.0,sqrt,1.0,0.0
10,Automobile,159,25,46,0,4,CPF 96,0.47678335535730865,0.010834693908691406,0.00022411346435546875,10.0,2.0,2.0,10.0,100.0,sqrt,1.0,0.001
10,Automobile,159,25,46,0,4,CPF 97,0.506324580543469,0.01214289665222168,0.00025272369384765625,10.0,2.0,2.0,10.0,100.0,sqrt,1.0,0.01
10,Automobile,159,25,46,0,4,CPF 98,0.5902850374637938,0.011372566223144531,0.00022339820861816406,10.0,2.0,2.0,10.0,100.0,sqrt,1.0,0.1
10,Automobile,159,25,46,0,4,CPF 99,0.49148209779387864,0.009392261505126953,0.00025200843811035156,10.0,2.0,2.0,10.0,100.0,sqrt,1.0,1.0
10,Automobile,159,25,46,0,4,CPF 100,0.49889662304439497,0.071563720703125,0.0004382133483886719,10.0,2.0,2.0,10.0,100.0,0.7,1.0,0.0
10,Automobile,159,25,46,0,4,CPF 101,0.2609984038531046,0.05567502975463867,0.00028443336486816406,10.0,2.0,2.0,10.0,100.0,0.7,1.0,0.001
10,Automobile,159,25,46,0,4,CPF 102,0.7200567630935764,0.04371523857116699,0.00029158592224121094,10.0,2.0,2.0,10.0,100.0,0.7,1.0,0.01
10,Automobile,159,25,46,0,4,CPF 103,0.7333781562843182,0.03297066688537598,0.00025773048400878906,10.0,2.0,2.0,10.0,100.0,0.7,1.0,0.1
10,Automobile,159,25,46,0,4,CPF 104,0.5210561603764332,0.021461009979248047,0.00014519691467285156,10.0,2.0,2.0,10.0,100.0,0.7,1.0,1.0
10,Automobile,159,25,46,0,4,CPF 105,0.5302751364101244,0.0718376636505127,0.00048732757568359375,10.0,2.0,2.0,20.0,100.0,1,1.0,0.0
10,Automobile,159,25,46,0,4,CPF 106,0.5979506946501852,0.08081817626953125,0.00036215782165527344,10.0,2.0,2.0,20.0,100.0,1,1.0,0.001
10,Automobile,159,25,46,0,4,CPF 107,0.6084026485684293,0.0740199089050293,0.0005588531494140625,10.0,2.0,2.0,20.0,100.0,1,1.0,0.01
10,Automobile,159,25,46,0,4,CPF 108,0.42089504424562496,0.08909296989440918,0.0004782676696777344,10.0,2.0,2.0,20.0,100.0,1,1.0,0.1
10,Automobile,159,25,46,0,4,CPF 109,0.42718781587185384,0.03186535835266113,0.00015544891357421875,10.0,2.0,2.0,20.0,100.0,1,1.0,1.0
10,Automobile,159,25,46,0,4,CPF 110,0.5749255988048654,0.007683753967285156,0.0001430511474609375,10.0,2.0,2.0,20.0,100.0,sqrt,1.0,0.0
10,Automobile,159,25,46,0,4,CPF 111,0.4216458137099999,0.008226394653320312,0.00019121170043945312,10.0,2.0,2.0,20.0,100.0,sqrt,1.0,0.001
10,Automobile,159,25,46,0,4,CPF 112,0.4120882801505805,0.009666681289672852,0.00015282630920410156,10.0,2.0,2.0,20.0,100.0,sqrt,1.0,0.01
10,Automobile,159,25,46,0,4,CPF 113,0.40933024043356225,0.008260011672973633,0.00019288063049316406,10.0,2.0,2.0,20.0,100.0,sqrt,1.0,0.1
10,Automobile,159,25,46,0,4,CPF 114,0.35710257215097185,0.004767656326293945,0.00010037422180175781,10.0,2.0,2.0,20.0,100.0,sqrt,1.0,1.0
10,Automobile,159,25,46,0,4,CPF 115,0.5049304702019124,0.04598808288574219,0.00030732154846191406,10.0,2.0,2.0,20.0,100.0,0.7,1.0,0.0
10,Automobile,159,25,46,0,4,CPF 116,0.5089581669219143,0.044910430908203125,0.00031566619873046875,10.0,2.0,2.0,20.0,100.0,0.7,1.0,0.001
10,Automobile,159,25,46,0,4,CPF 117,0.4744123525906604,0.04574918746948242,0.0002498626708984375,10.0,2.0,2.0,20.0,100.0,0.7,1.0,0.01
10,Automobile,159,25,46,0,4,CPF 118,0.4427427050839441,0.033937692642211914,0.00023794174194335938,10.0,2.0,2.0,20.0,100.0,0.7,1.0,0.1
10,Automobile,159,25,46,0,4,CPF 119,0.3096381077257674,0.019339561462402344,0.00018167495727539062,10.0,2.0,2.0,20.0,100.0,0.7,1.0,1.0
10,Automobile,159,25,46,0,4,CPF 120,0.4047237890917974,0.07872986793518066,0.0004341602325439453,10.0,2.0,2.0,50.0,100.0,1,1.0,0.0
10,Automobile,159,25,46,0,4,CPF 121,0.43065541719932454,0.07707548141479492,0.00045180320739746094,10.0,2.0,2.0,50.0,100.0,1,1.0,0.001
10,Automobile,159,25,46,0,4,CPF 122,0.43791511132036254,0.07169675827026367,0.00035381317138671875,10.0,2.0,2.0,50.0,100.0,1,1.0,0.01
10,Automobile,159,25,46,0,4,CPF 123,0.6339573553653294,0.052916526794433594,0.0003066062927246094,10.0,2.0,2.0,50.0,100.0,1,1.0,0.1
10,Automobile,159,25,46,0,4,CPF 124,0.40550461079278954,0.02529287338256836,0.00014019012451171875,10.0,2.0,2.0,50.0,100.0,1,1.0,1.0
10,Automobile,159,25,46,0,4,CPF 125,0.477241271254048,0.009189367294311523,0.0002510547637939453,10.0,2.0,2.0,50.0,100.0,sqrt,1.0,0.0
10,Automobile,159,25,46,0,4,CPF 126,0.5707122995523018,0.0073926448822021484,0.0001735687255859375,10.0,2.0,2.0,50.0,100.0,sqrt,1.0,0.001
10,Automobile,159,25,46,0,4,CPF 127,0.3124370021924885,0.0076961517333984375,0.00017690658569335938,10.0,2.0,2.0,50.0,100.0,sqrt,1.0,0.01
10,Automobile,159,25,46,0,4,CPF 128,0.5094157432690949,0.006537199020385742,0.0001499652862548828,10.0,2.0,2.0,50.0,100.0,sqrt,1.0,0.1
10,Automobile,159,25,46,0,4,CPF 129,0.3960247625577289,0.006067037582397461,0.00011849403381347656,10.0,2.0,2.0,50.0,100.0,sqrt,1.0,1.0
10,Automobile,159,25,46,0,4,CPF 130,0.6932284725179658,0.04756903648376465,0.0003559589385986328,10.0,2.0,2.0,50.0,100.0,0.7,1.0,0.0
10,Automobile,159,25,46,0,4,CPF 131,0.6004384112890558,0.04352164268493652,0.0002899169921875,10.0,2.0,2.0,50.0,100.0,0.7,1.0,0.001
10,Automobile,159,25,46,0,4,CPF 132,0.5074318890851724,0.04137587547302246,0.0003466606140136719,10.0,2.0,2.0,50.0,100.0,0.7,1.0,0.01
10,Automobile,159,25,46,0,4,CPF 133,0.47466233763745724,0.02825927734375,0.0002853870391845703,10.0,2.0,2.0,50.0,100.0,0.7,1.0,0.1
10,Automobile,159,25,46,0,4,CPF 134,0.5372870581077749,0.020412445068359375,0.00013399124145507812,10.0,2.0,2.0,50.0,100.0,0.7,1.0,1.0
10,Automobile,159,25,46,0,5,RF,0.8018948480845443,0.09639382362365723,0.00515437126159668,,,,,,,,
10,Automobile,159,25,46,0,5,XGB,0.7734855532185352,0.047248125076293945,0.0014617443084716797,,,,,,,,
10,Automobile,159,25,46,0,5,CPF 0,0.7372260522088094,0.04042315483093262,0.00029087066650390625,1.0,2.0,2.0,10.0,100.0,1,1.0,0.0
10,Automobile,159,25,46,0,5,CPF 1,0.6945046300275906,0.041693687438964844,0.0002880096435546875,1.0,2.0,2.0,10.0,100.0,1,1.0,0.001
10,Automobile,159,25,46,0,5,CPF 2,0.7463446185243496,0.04386591911315918,0.0002758502960205078,1.0,2.0,2.0,10.0,100.0,1,1.0,0.01
10,Automobile,159,25,46,0,5,CPF 3,0.7063026183851018,0.04047203063964844,0.0002689361572265625,1.0,2.0,2.0,10.0,100.0,1,1.0,0.1
10,Automobile,159,25,46,0,5,CPF 4,0.7785832740901126,0.04726266860961914,0.0001983642578125,1.0,2.0,2.0,10.0,100.0,1,1.0,1.0
10,Automobile,159,25,46,0,5,CPF 5,0.7035079309091682,0.00816488265991211,0.0001800060272216797,1.0,2.0,2.0,10.0,100.0,sqrt,1.0,0.0
10,Automobile,159,25,46,0,5,CPF 6,0.5986853833320103,0.009366035461425781,0.0002727508544921875,1.0,2.0,2.0,10.0,100.0,sqrt,1.0,0.001
10,Automobile,159,25,46,0,5,CPF 7,0.5523683847557739,0.009094476699829102,0.00017189979553222656,1.0,2.0,2.0,10.0,100.0,sqrt,1.0,0.01
10,Automobile,159,25,46,0,5,CPF 8,0.753426724764205,0.008058547973632812,0.00021386146545410156,1.0,2.0,2.0,10.0,100.0,sqrt,1.0,0.1
10,Automobile,159,25,46,0,5,CPF 9,0.699385386575657,0.0070209503173828125,0.00011205673217773438,1.0,2.0,2.0,10.0,100.0,sqrt,1.0,1.0
10,Automobile,159,25,46,0,5,CPF 10,0.7051506553138511,0.022563457489013672,0.00015497207641601562,1.0,2.0,2.0,10.0,100.0,0.7,1.0,0.0
10,Automobile,159,25,46,0,5,CPF 11,0.7573339364975336,0.0218198299407959,0.000171661376953125,1.0,2.0,2.0,10.0,100.0,0.7,1.0,0.001
10,Automobile,159,25,46,0,5,CPF 12,0.8265452272767427,0.022492408752441406,0.0001728534698486328,1.0,2.0,2.0,10.0,100.0,0.7,1.0,0.01
10,Automobile,159,25,46,0,5,CPF 13,0.773689071697244,0.02210068702697754,0.00017499923706054688,1.0,2.0,2.0,10.0,100.0,0.7,1.0,0.1
10,Automobile,159,25,46,0,5,CPF 14,0.7487695051040617,0.02295708656311035,0.00012111663818359375,1.0,2.0,2.0,10.0,100.0,0.7,1.0,1.0
10,Automobile,159,25,46,0,5,CPF 15,0.7702278385415937,0.028225421905517578,0.00015473365783691406,1.0,2.0,2.0,20.0,100.0,1,1.0,0.0
10,Automobile,159,25,46,0,5,CPF 16,0.7692460580526428,0.028887510299682617,0.00014328956604003906,1.0,2.0,2.0,20.0,100.0,1,1.0,0.001
10,Automobile,159,25,46,0,5,CPF 17,0.7521004265832961,0.02880382537841797,0.00014925003051757812,1.0,2.0,2.0,20.0,100.0,1,1.0,0.01
10,Automobile,159,25,46,0,5,CPF 18,0.7666001148098562,0.02787470817565918,0.00014162063598632812,1.0,2.0,2.0,20.0,100.0,1,1.0,0.1
10,Automobile,159,25,46,0,5,CPF 19,0.7158555603458259,0.03224349021911621,0.00021409988403320312,1.0,2.0,2.0,20.0,100.0,1,1.0,1.0
10,Automobile,159,25,46,0,5,CPF 20,0.6215225141636478,0.009028196334838867,0.00014734268188476562,1.0,2.0,2.0,20.0,100.0,sqrt,1.0,0.0
10,Automobile,159,25,46,0,5,CPF 21,0.7762780579372726,0.009326934814453125,0.0001430511474609375,1.0,2.0,2.0,20.0,100.0,sqrt,1.0,0.001
10,Automobile,159,25,46,0,5,CPF 22,0.7832585032975874,0.006941556930541992,0.00013947486877441406,1.0,2.0,2.0,20.0,100.0,sqrt,1.0,0.01
10,Automobile,159,25,46,0,5,CPF 23,0.6193514300104204,0.009047985076904297,0.00015783309936523438,1.0,2.0,2.0,20.0,100.0,sqrt,1.0,0.1
10,Automobile,159,25,46,0,5,CPF 24,0.6787976683248063,0.005918979644775391,9.679794311523438e-05,1.0,2.0,2.0,20.0,100.0,sqrt,1.0,1.0
10,Automobile,159,25,46,0,5,CPF 25,0.7280504359911595,0.02042865753173828,0.00018358230590820312,1.0,2.0,2.0,20.0,100.0,0.7,1.0,0.0
10,Automobile,159,25,46,0,5,CPF 26,0.7522622998559864,0.019864559173583984,0.00015592575073242188,1.0,2.0,2.0,20.0,100.0,0.7,1.0,0.001
10,Automobile,159,25,46,0,5,CPF 27,0.6693322576966726,0.022106409072875977,0.0002295970916748047,1.0,2.0,2.0,20.0,100.0,0.7,1.0,0.01
10,Automobile,159,25,46,0,5,CPF 28,0.7839407357214243,0.021996021270751953,0.00015735626220703125,1.0,2.0,2.0,20.0,100.0,0.7,1.0,0.1
10,Automobile,159,25,46,0,5,CPF 29,0.7704383919015233,0.022142410278320312,0.00013780593872070312,1.0,2.0,2.0,20.0,100.0,0.7,1.0,1.0
10,Automobile,159,25,46,0,5,CPF 30,0.741418529505025,0.027413606643676758,0.0001690387725830078,1.0,2.0,2.0,50.0,100.0,1,1.0,0.0
10,Automobile,159,25,46,0,5,CPF 31,0.6465896350078157,0.02835559844970703,0.00015854835510253906,1.0,2.0,2.0,50.0,100.0,1,1.0,0.001
10,Automobile,159,25,46,0,5,CPF 32,0.8324265716502506,0.027309656143188477,0.00016808509826660156,1.0,2.0,2.0,50.0,100.0,1,1.0,0.01
10,Automobile,159,25,46,0,5,CPF 33,0.6942090773555756,0.032068729400634766,0.00018334388732910156,1.0,2.0,2.0,50.0,100.0,1,1.0,0.1
10,Automobile,159,25,46,0,5,CPF 34,0.7322336205092221,0.0374910831451416,0.00017976760864257812,1.0,2.0,2.0,50.0,100.0,1,1.0,1.0
10,Automobile,159,25,46,0,5,CPF 35,0.6317183800186214,0.007922172546386719,0.00015854835510253906,1.0,2.0,2.0,50.0,100.0,sqrt,1.0,0.0
10,Automobile,159,25,46,0,5,CPF 36,0.5916358208703809,0.007639884948730469,0.00017762184143066406,1.0,2.0,2.0,50.0,100.0,sqrt,1.0,0.001
10,Automobile,159,25,46,0,5,CPF 37,0.6846176982367018,0.007250070571899414,0.0003275871276855469,1.0,2.0,2.0,50.0,100.0,sqrt,1.0,0.01
10,Automobile,159,25,46,0,5,CPF 38,0.7559836513887247,0.00874018669128418,0.00017976760864257812,1.0,2.0,2.0,50.0,100.0,sqrt,1.0,0.1
10,Automobile,159,25,46,0,5,CPF 39,0.6231175608372059,0.006325960159301758,9.72747802734375e-05,1.0,2.0,2.0,50.0,100.0,sqrt,1.0,1.0
10,Automobile,159,25,46,0,5,CPF 40,0.7128642908333818,0.02097320556640625,0.0004878044128417969,1.0,2.0,2.0,50.0,100.0,0.7,1.0,0.0
10,Automobile,159,25,46,0,5,CPF 41,0.7639894766205269,0.021449804306030273,0.0001480579376220703,1.0,2.0,2.0,50.0,100.0,0.7,1.0,0.001
10,Automobile,159,25,46,0,5,CPF 42,0.714434961247224,0.02093505859375,0.00021457672119140625,1.0,2.0,2.0,50.0,100.0,0.7,1.0,0.01
10,Automobile,159,25,46,0,5,CPF 43,0.7354746981595793,0.023123502731323242,0.00013899803161621094,1.0,2.0,2.0,50.0,100.0,0.7,1.0,0.1
10,Automobile,159,25,46,0,5,CPF 44,0.6986090822432165,0.02727794647216797,0.000133514404296875,1.0,2.0,2.0,50.0,100.0,0.7,1.0,1.0
10,Automobile,159,25,46,0,5,CPF 45,0.7624147158907899,0.053365468978881836,0.00037384033203125,5.0,2.0,2.0,10.0,100.0,1,1.0,0.0
10,Automobile,159,25,46,0,5,CPF 46,0.811112857452235,0.0449528694152832,0.00021505355834960938,5.0,2.0,2.0,10.0,100.0,1,1.0,0.001
10,Automobile,159,25,46,0,5,CPF 47,0.7988992559260074,0.04380607604980469,0.00023293495178222656,5.0,2.0,2.0,10.0,100.0,1,1.0,0.01
10,Automobile,159,25,46,0,5,CPF 48,0.7079685280811403,0.040815114974975586,0.00022983551025390625,5.0,2.0,2.0,10.0,100.0,1,1.0,0.1
10,Automobile,159,25,46,0,5,CPF 49,0.7650465012937389,0.031202077865600586,0.00013065338134765625,5.0,2.0,2.0,10.0,100.0,1,1.0,1.0
10,Automobile,159,25,46,0,5,CPF 50,0.6628936674969245,0.006551504135131836,0.00010704994201660156,5.0,2.0,2.0,10.0,100.0,sqrt,1.0,0.0
10,Automobile,159,25,46,0,5,CPF 51,0.7681002257113226,0.006844997406005859,0.00011873245239257812,5.0,2.0,2.0,10.0,100.0,sqrt,1.0,0.001
10,Automobile,159,25,46,0,5,CPF 52,0.7753499555524943,0.007069110870361328,0.00011992454528808594,5.0,2.0,2.0,10.0,100.0,sqrt,1.0,0.01
10,Automobile,159,25,46,0,5,CPF 53,0.7428577233924578,0.006523847579956055,0.000110626220703125,5.0,2.0,2.0,10.0,100.0,sqrt,1.0,0.1
10,Automobile,159,25,46,0,5,CPF 54,0.6231135904739855,0.005495548248291016,0.0001895427703857422,5.0,2.0,2.0,10.0,100.0,sqrt,1.0,1.0
10,Automobile,159,25,46,0,5,CPF 55,0.7502143661460084,0.025992393493652344,0.00022721290588378906,5.0,2.0,2.0,10.0,100.0,0.7,1.0,0.0
10,Automobile,159,25,46,0,5,CPF 56,0.7938996158170143,0.024732589721679688,0.0005190372467041016,5.0,2.0,2.0,10.0,100.0,0.7,1.0,0.001
10,Automobile,159,25,46,0,5,CPF 57,0.7732488805100133,0.024431228637695312,0.00016188621520996094,5.0,2.0,2.0,10.0,100.0,0.7,1.0,0.01
10,Automobile,159,25,46,0,5,CPF 58,0.7381891143554711,0.025142192840576172,0.00016832351684570312,5.0,2.0,2.0,10.0,100.0,0.7,1.0,0.1
10,Automobile,159,25,46,0,5,CPF 59,0.7725827363554546,0.02060866355895996,0.00011515617370605469,5.0,2.0,2.0,10.0,100.0,0.7,1.0,1.0
10,Automobile,159,25,46,0,5,CPF 60,0.7894275066967136,0.047715187072753906,0.0003123283386230469,5.0,2.0,2.0,20.0,100.0,1,1.0,0.0
10,Automobile,159,25,46,0,5,CPF 61,0.7671003619441096,0.044142723083496094,0.00024271011352539062,5.0,2.0,2.0,20.0,100.0,1,1.0,0.001
10,Automobile,159,25,46,0,5,CPF 62,0.7536029739315796,0.0430142879486084,0.0002608299255371094,5.0,2.0,2.0,20.0,100.0,1,1.0,0.01
10,Automobile,159,25,46,0,5,CPF 63,0.7855514436510935,0.04478025436401367,0.0002193450927734375,5.0,2.0,2.0,20.0,100.0,1,1.0,0.1
10,Automobile,159,25,46,0,5,CPF 64,0.7700483747253216,0.03205752372741699,0.0002181529998779297,5.0,2.0,2.0,20.0,100.0,1,1.0,1.0
10,Automobile,159,25,46,0,5,CPF 65,0.6920742200806844,0.006844520568847656,0.00010895729064941406,5.0,2.0,2.0,20.0,100.0,sqrt,1.0,0.0
10,Automobile,159,25,46,0,5,CPF 66,0.6996048469927698,0.00742340087890625,0.00040984153747558594,5.0,2.0,2.0,20.0,100.0,sqrt,1.0,0.001
10,Automobile,159,25,46,0,5,CPF 67,0.6729974030272474,0.0066602230072021484,0.00018858909606933594,5.0,2.0,2.0,20.0,100.0,sqrt,1.0,0.01
10,Automobile,159,25,46,0,5,CPF 68,0.6246897780530369,0.008628606796264648,0.00018358230590820312,5.0,2.0,2.0,20.0,100.0,sqrt,1.0,0.1
10,Automobile,159,25,46,0,5,CPF 69,0.7108907682042915,0.010644674301147461,0.00016808509826660156,5.0,2.0,2.0,20.0,100.0,sqrt,1.0,1.0
10,Automobile,159,25,46,0,5,CPF 70,0.7072699189021818,0.03916788101196289,0.0003502368927001953,5.0,2.0,2.0,20.0,100.0,0.7,1.0,0.0
10,Automobile,159,25,46,0,5,CPF 71,0.7305092268347566,0.026399850845336914,0.0001971721649169922,5.0,2.0,2.0,20.0,100.0,0.7,1.0,0.001
10,Automobile,159,25,46,0,5,CPF 72,0.7292425980587595,0.03241276741027832,0.0003948211669921875,5.0,2.0,2.0,20.0,100.0,0.7,1.0,0.01
10,Automobile,159,25,46,0,5,CPF 73,0.7487435156969318,0.021638870239257812,0.00019311904907226562,5.0,2.0,2.0,20.0,100.0,0.7,1.0,0.1
10,Automobile,159,25,46,0,5,CPF 74,0.777369042835247,0.02046799659729004,0.0001285076141357422,5.0,2.0,2.0,20.0,100.0,0.7,1.0,1.0
10,Automobile,159,25,46,0,5,CPF 75,0.6908032039806957,0.04580211639404297,0.00023317337036132812,5.0,2.0,2.0,50.0,100.0,1,1.0,0.0
10,Automobile,159,25,46,0,5,CPF 76,0.7650447645363391,0.039800405502319336,0.00018739700317382812,5.0,2.0,2.0,50.0,100.0,1,1.0,0.001
10,Automobile,159,25,46,0,5,CPF 77,0.7353035982063637,0.0533452033996582,0.0003571510314941406,5.0,2.0,2.0,50.0,100.0,1,1.0,0.01
10,Automobile,159,25,46,0,5,CPF 78,0.7610491322188807,0.03606438636779785,0.0001914501190185547,5.0,2.0,2.0,50.0,100.0,1,1.0,0.1
10,Automobile,159,25,46,0,5,CPF 79,0.6892182566108653,0.03861641883850098,0.00016570091247558594,5.0,2.0,2.0,50.0,100.0,1,1.0,1.0
10,Automobile,159,25,46,0,5,CPF 80,0.6348353197666032,0.007534503936767578,0.00018668174743652344,5.0,2.0,2.0,50.0,100.0,sqrt,1.0,0.0
10,Automobile,159,25,46,0,5,CPF 81,0.64203674252396,0.0068187713623046875,0.00015854835510253906,5.0,2.0,2.0,50.0,100.0,sqrt,1.0,0.001
10,Automobile,159,25,46,0,5,CPF 82,0.6396878897319317,0.00626683235168457,0.00010633468627929688,5.0,2.0,2.0,50.0,100.0,sqrt,1.0,0.01
10,Automobile,159,25,46,0,5,CPF 83,0.6277663433988127,0.006926774978637695,0.00011396408081054688,5.0,2.0,2.0,50.0,100.0,sqrt,1.0,0.1
10,Automobile,159,25,46,0,5,CPF 84,0.6363569912316187,0.0058100223541259766,0.00011396408081054688,5.0,2.0,2.0,50.0,100.0,sqrt,1.0,1.0
10,Automobile,159,25,46,0,5,CPF 85,0.7876359472705479,0.026046276092529297,0.00021529197692871094,5.0,2.0,2.0,50.0,100.0,0.7,1.0,0.0
10,Automobile,159,25,46,0,5,CPF 86,0.7953916073841296,0.02426600456237793,0.00016808509826660156,5.0,2.0,2.0,50.0,100.0,0.7,1.0,0.001
10,Automobile,159,25,46,0,5,CPF 87,0.7491276056182913,0.026882410049438477,0.0001728534698486328,5.0,2.0,2.0,50.0,100.0,0.7,1.0,0.01
10,Automobile,159,25,46,0,5,CPF 88,0.7537829337707918,0.023029804229736328,0.0002491474151611328,5.0,2.0,2.0,50.0,100.0,0.7,1.0,0.1
10,Automobile,159,25,46,0,5,CPF 89,0.6702066477980707,0.02072620391845703,0.00012493133544921875,5.0,2.0,2.0,50.0,100.0,0.7,1.0,1.0
10,Automobile,159,25,46,0,5,CPF 90,0.7241734916490772,0.07301902770996094,0.00034499168395996094,10.0,2.0,2.0,10.0,100.0,1,1.0,0.0
10,Automobile,159,25,46,0,5,CPF 91,0.7242500699822023,0.07635712623596191,0.0005481243133544922,10.0,2.0,2.0,10.0,100.0,1,1.0,0.001
10,Automobile,159,25,46,0,5,CPF 92,0.8164977759557441,0.06812596321105957,0.00032973289489746094,10.0,2.0,2.0,10.0,100.0,1,1.0,0.01
10,Automobile,159,25,46,0,5,CPF 93,0.7593448164470118,0.06388282775878906,0.0002892017364501953,10.0,2.0,2.0,10.0,100.0,1,1.0,0.1
10,Automobile,159,25,46,0,5,CPF 94,0.7661163158009638,0.027302980422973633,0.00012922286987304688,10.0,2.0,2.0,10.0,100.0,1,1.0,1.0
10,Automobile,159,25,46,0,5,CPF 95,0.7199552369668029,0.012231826782226562,0.00027751922607421875,10.0,2.0,2.0,10.0,100.0,sqrt,1.0,0.0
10,Automobile,159,25,46,0,5,CPF 96,0.6971172904716318,0.015615701675415039,0.00020503997802734375,10.0,2.0,2.0,10.0,100.0,sqrt,1.0,0.001
10,Automobile,159,25,46,0,5,CPF 97,0.7848371006820167,0.01221776008605957,0.0002155303955078125,10.0,2.0,2.0,10.0,100.0,sqrt,1.0,0.01
10,Automobile,159,25,46,0,5,CPF 98,0.7470151081711675,0.010863780975341797,0.000217437744140625,10.0,2.0,2.0,10.0,100.0,sqrt,1.0,0.1
10,Automobile,159,25,46,0,5,CPF 99,0.5950075438384087,0.009475469589233398,0.00018310546875,10.0,2.0,2.0,10.0,100.0,sqrt,1.0,1.0
10,Automobile,159,25,46,0,5,CPF 100,0.7846316229862231,0.0595095157623291,0.0003578662872314453,10.0,2.0,2.0,10.0,100.0,0.7,1.0,0.0
10,Automobile,159,25,46,0,5,CPF 101,0.7692384905849519,0.07076716423034668,0.0004222393035888672,10.0,2.0,2.0,10.0,100.0,0.7,1.0,0.001
10,Automobile,159,25,46,0,5,CPF 102,0.8037142753665999,0.06081128120422363,0.0003681182861328125,10.0,2.0,2.0,10.0,100.0,0.7,1.0,0.01
10,Automobile,159,25,46,0,5,CPF 103,0.7557046224446666,0.04576706886291504,0.00028133392333984375,10.0,2.0,2.0,10.0,100.0,0.7,1.0,0.1
10,Automobile,159,25,46,0,5,CPF 104,0.7285996648162011,0.02749013900756836,0.0002582073211669922,10.0,2.0,2.0,10.0,100.0,0.7,1.0,1.0
10,Automobile,159,25,46,0,5,CPF 105,0.7706214107692656,0.11706113815307617,0.0004744529724121094,10.0,2.0,2.0,20.0,100.0,1,1.0,0.0
10,Automobile,159,25,46,0,5,CPF 106,0.8050664959668886,0.10316348075866699,0.0007548332214355469,10.0,2.0,2.0,20.0,100.0,1,1.0,0.001
10,Automobile,159,25,46,0,5,CPF 107,0.7812911621967653,0.1111443042755127,0.0004336833953857422,10.0,2.0,2.0,20.0,100.0,1,1.0,0.01
10,Automobile,159,25,46,0,5,CPF 108,0.8235581530155394,0.09321331977844238,0.00038933753967285156,10.0,2.0,2.0,20.0,100.0,1,1.0,0.1
10,Automobile,159,25,46,0,5,CPF 109,0.6905123292625976,0.042958736419677734,0.0002589225769042969,10.0,2.0,2.0,20.0,100.0,1,1.0,1.0
10,Automobile,159,25,46,0,5,CPF 110,0.6853378546670088,0.006995201110839844,0.00014972686767578125,10.0,2.0,2.0,20.0,100.0,sqrt,1.0,0.0
10,Automobile,159,25,46,0,5,CPF 111,0.6728301624322479,0.006735563278198242,0.0001456737518310547,10.0,2.0,2.0,20.0,100.0,sqrt,1.0,0.001
10,Automobile,159,25,46,0,5,CPF 112,0.6579749837354342,0.007749795913696289,0.00017213821411132812,10.0,2.0,2.0,20.0,100.0,sqrt,1.0,0.01
10,Automobile,159,25,46,0,5,CPF 113,0.6953101117883027,0.006822824478149414,0.0001990795135498047,10.0,2.0,2.0,20.0,100.0,sqrt,1.0,0.1
10,Automobile,159,25,46,0,5,CPF 114,0.6309144103518907,0.0047719478607177734,9.679794311523438e-05,10.0,2.0,2.0,20.0,100.0,sqrt,1.0,1.0
10,Automobile,159,25,46,0,5,CPF 115,0.7339715549219481,0.046831369400024414,0.00027489662170410156,10.0,2.0,2.0,20.0,100.0,0.7,1.0,0.0
10,Automobile,159,25,46,0,5,CPF 116,0.6988917199985274,0.04132533073425293,0.00026154518127441406,10.0,2.0,2.0,20.0,100.0,0.7,1.0,0.001
10,Automobile,159,25,46,0,5,CPF 117,0.7255963328760742,0.0474553108215332,0.0003943443298339844,10.0,2.0,2.0,20.0,100.0,0.7,1.0,0.01
10,Automobile,159,25,46,0,5,CPF 118,0.7487360955057032,0.035918235778808594,0.00031065940856933594,10.0,2.0,2.0,20.0,100.0,0.7,1.0,0.1
10,Automobile,159,25,46,0,5,CPF 119,0.8168583468481387,0.021036624908447266,0.00021123886108398438,10.0,2.0,2.0,20.0,100.0,0.7,1.0,1.0
10,Automobile,159,25,46,0,5,CPF 120,0.7404537021057357,0.07515883445739746,0.0005712509155273438,10.0,2.0,2.0,50.0,100.0,1,1.0,0.0
10,Automobile,159,25,46,0,5,CPF 121,0.7031071345462205,0.06902694702148438,0.0003464221954345703,10.0,2.0,2.0,50.0,100.0,1,1.0,0.001
10,Automobile,159,25,46,0,5,CPF 122,0.7085288017586556,0.07691478729248047,0.00036454200744628906,10.0,2.0,2.0,50.0,100.0,1,1.0,0.01
10,Automobile,159,25,46,0,5,CPF 123,0.7807831984105154,0.06689596176147461,0.0004429817199707031,10.0,2.0,2.0,50.0,100.0,1,1.0,0.1
10,Automobile,159,25,46,0,5,CPF 124,0.797601493751927,0.02881455421447754,0.00012803077697753906,10.0,2.0,2.0,50.0,100.0,1,1.0,1.0
10,Automobile,159,25,46,0,5,CPF 125,0.7222727357846166,0.007283926010131836,0.0001595020294189453,10.0,2.0,2.0,50.0,100.0,sqrt,1.0,0.0
10,Automobile,159,25,46,0,5,CPF 126,0.7555618072963648,0.008615493774414062,0.0001590251922607422,10.0,2.0,2.0,50.0,100.0,sqrt,1.0,0.001
10,Automobile,159,25,46,0,5,CPF 127,0.8015684018598862,0.00774693489074707,0.00024080276489257812,10.0,2.0,2.0,50.0,100.0,sqrt,1.0,0.01
10,Automobile,159,25,46,0,5,CPF 128,0.721082422325637,0.007211923599243164,0.00015115737915039062,10.0,2.0,2.0,50.0,100.0,sqrt,1.0,0.1
10,Automobile,159,25,46,0,5,CPF 129,0.5946243750204625,0.006394147872924805,0.000232696533203125,10.0,2.0,2.0,50.0,100.0,sqrt,1.0,1.0
10,Automobile,159,25,46,0,5,CPF 130,0.6878453979102352,0.04456663131713867,0.0002589225769042969,10.0,2.0,2.0,50.0,100.0,0.7,1.0,0.0
10,Automobile,159,25,46,0,5,CPF 131,0.8045823296702581,0.04639291763305664,0.00026798248291015625,10.0,2.0,2.0,50.0,100.0,0.7,1.0,0.001
10,Automobile,159,25,46,0,5,CPF 132,0.6889296815088483,0.04794192314147949,0.0002684593200683594,10.0,2.0,2.0,50.0,100.0,0.7,1.0,0.01
10,Automobile,159,25,46,0,5,CPF 133,0.6925025664651079,0.03850841522216797,0.00023126602172851562,10.0,2.0,2.0,50.0,100.0,0.7,1.0,0.1
10,Automobile,159,25,46,0,5,CPF 134,0.7543519567784776,0.020460844039916992,0.0001685619354248047,10.0,2.0,2.0,50.0,100.0,0.7,1.0,1.0
